timestamp,temperature,grid_load,risk_label
2022-01-24 00:00:00,1.2512117247187564,59.96266745726776,0
2022-01-24 00:01:00,2.8705242474399353,62.141177667721934,0
2022-01-24 00:02:00,2.2073977259647557,58.79066860161944,0
2022-01-24 00:03:00,2.1951950603377886,60.26782976131542,0
2022-01-24 00:04:00,1.9209320370083203,62.612387666746216,0
2022-01-24 00:05:00,2.214676914329268,60.35625839699793,0
2022-01-24 00:06:00,2.857733577268556,56.66789734901655,0
2022-01-24 00:07:00,1.081451749298552,60.616422118105035,0
2022-01-24 00:08:00,1.2336019952246666,59.40105933454551,0
2022-01-24 00:09:00,1.9267120217603597,61.26241147457212,0
2022-01-24 00:10:00,2.1592505715591015,59.70990510914521,0
2022-01-24 00:11:00,1.5544872668634448,63.05510812827775,0
2022-01-24 00:12:00,1.7362084597639638,60.54625620385541,0
2022-01-24 00:13:00,1.8769069541441803,61.01945385586558,0
2022-01-24 00:14:00,2.2944463613428936,61.775121184541895,0
2022-01-24 00:15:00,1.9905730870381724,59.257458421913014,0
2022-01-24 00:16:00,1.6812849368721952,61.31629426355209,0
2022-01-24 00:17:00,3.2247363395546147,59.68733872641082,0
2022-01-24 00:18:00,1.2763177023324737,59.828427165708526,0
2022-01-24 00:19:00,1.4156773642973497,54.86266724603176,0
2022-01-24 00:20:00,1.4659601604873966,59.863391963153646,0
2022-01-24 00:21:00,2.310795063193739,61.249095284667966,0
2022-01-24 00:22:00,1.7264656671013983,59.016095079258946,0
2022-01-24 00:23:00,1.5461731603804627,61.69477324137663,0
2022-01-24 00:24:00,1.7710591264322484,58.70130788678791,0
2022-01-24 00:25:00,1.944054043133516,64.05806729788611,0
2022-01-24 00:26:00,2.560280247317551,61.61236274332939,0
2022-01-24 00:27:00,2.0211057448926706,62.55002670473976,0
2022-01-24 00:28:00,2.138086758497642,59.51820143763911,0
2022-01-24 00:29:00,1.4141225683637817,58.11060173621354,0
2022-01-24 00:30:00,1.7962573726811701,62.10156641915773,0
2022-01-24 00:31:00,2.4790243528843416,58.680224113273674,0
2022-01-24 00:32:00,2.8878802506643186,58.2255449701792,0
2022-01-24 00:33:00,2.712881299683958,60.128899793110634,0
2022-01-24 00:34:00,2.9107370604437524,59.820606913967595,0
2022-01-24 00:35:00,1.495667113865562,59.94005271862344,0
2022-01-24 00:36:00,1.6763824541936814,60.320818074067404,0
2022-01-24 00:37:00,1.8637817431116324,63.69027877243907,0
2022-01-24 00:38:00,1.783603720335209,61.333908269933026,0
2022-01-24 00:39:00,1.8391296485344746,63.28386831397969,0
2022-01-24 00:40:00,1.1624350045061442,59.653074469779,0
2022-01-24 00:41:00,1.958718290824941,65.83119595757151,0
2022-01-24 00:42:00,2.4947316073296824,62.32771992729952,0
2022-01-24 00:43:00,2.0911972132621344,61.990221469757145,0
2022-01-24 00:44:00,0.9384905442745445,59.456178016076095,0
2022-01-24 00:45:00,2.1433286010585695,60.685390823203534,0
2022-01-24 00:46:00,1.731371349837509,64.26989732231145,0
2022-01-24 00:47:00,1.7409226596122618,58.16088881196648,0
2022-01-24 00:48:00,1.8119581348988096,62.8996125187094,0
2022-01-24 00:49:00,1.4032199760189519,64.5828384517752,0
2022-01-24 00:50:00,1.8217261218525238,60.36154393383281,0
2022-01-24 00:51:00,2.1845583114049085,60.692650220939335,0
2022-01-24 00:52:00,1.3519560975018066,62.47724505149257,0
2022-01-24 00:53:00,1.90986111454965,60.15154969021192,0
2022-01-24 00:54:00,1.8782686361601553,61.36574047615133,0
2022-01-24 00:55:00,1.5333980205628954,61.60254215748064,0
2022-01-24 00:56:00,2.293358984261875,64.94571163336909,0
2022-01-24 00:57:00,2.3347870637357944,61.18234077729826,0
2022-01-24 00:58:00,1.9798546469361678,56.897909780732014,0
2022-01-24 00:59:00,2.2951813453602488,62.1907741225581,0
2022-01-24 01:00:00,1.7853276677217866,60.52337463201273,0
2022-01-24 01:01:00,1.435285916729067,64.54375644347138,0
2022-01-24 01:02:00,2.1391613241635996,59.72929370896775,0
2022-01-24 01:03:00,2.671459931959473,58.167930472664516,0
2022-01-24 01:04:00,1.2325986925407717,62.72721414263854,0
2022-01-24 01:05:00,2.258624940083487,63.00630928675042,0
2022-01-24 01:06:00,2.4617426078563804,61.08468526855918,0
2022-01-24 01:07:00,2.484752878890293,61.52715990898219,0
2022-01-24 01:08:00,2.3135633523802706,62.72371245275625,0
2022-01-24 01:09:00,2.338067679693555,61.86516102377304,0
2022-01-24 01:10:00,2.0091445697859953,61.53604744694282,0
2022-01-24 01:11:00,1.362495657838189,62.77621149410073,0
2022-01-24 01:12:00,1.496204034550793,62.59326019698426,0
2022-01-24 01:13:00,2.2618318454026802,58.74388259346883,0
2022-01-24 01:14:00,1.6597280200667717,62.777050405478306,0
2022-01-24 01:15:00,0.5327079776868038,65.01220600732175,0
2022-01-24 01:16:00,2.558515517921728,61.84059727888916,0
2022-01-24 01:17:00,1.7907272931706517,58.63946914414415,0
2022-01-24 01:18:00,2.599853221834163,66.08545114551433,0
2022-01-24 01:19:00,1.706032547105116,62.025987480286624,0
2022-01-24 01:20:00,1.199051905085396,57.848197439117556,0
2022-01-24 01:21:00,2.324112952527009,60.94103494049762,0
2022-01-24 01:22:00,1.3699073866685354,61.22869670179383,0
2022-01-24 01:23:00,1.6092279294824308,62.130583283018616,0
2022-01-24 01:24:00,0.8419669462990166,62.005890204943924,0
2022-01-24 01:25:00,1.5510986564070126,64.20945683302523,0
2022-01-24 01:26:00,1.669007727260856,63.01271971582877,0
2022-01-24 01:27:00,2.530305247049463,63.28721797078055,0
2022-01-24 01:28:00,1.4932588943971228,64.72046664818888,0
2022-01-24 01:29:00,1.5016974644108205,62.28712795391064,0
2022-01-24 01:30:00,2.0795516726827787,64.18161874005094,0
2022-01-24 01:31:00,0.7518724288964378,61.35750963625486,0
2022-01-24 01:32:00,1.7879912484648348,58.94967009196254,0
2022-01-24 01:33:00,1.9991154856823439,58.961118556560585,0
2022-01-24 01:34:00,2.1716312948879546,64.49249109287176,0
2022-01-24 01:35:00,1.584832306494679,63.10866634077845,0
2022-01-24 01:36:00,2.5995895916926006,63.597252262572674,0
2022-01-24 01:37:00,2.2789741009523095,62.48714455305959,0
2022-01-24 01:38:00,1.454395600674639,62.52524826231069,0
2022-01-24 01:39:00,2.2172885333518773,61.260549062440425,0
2022-01-24 01:40:00,1.371040165619097,63.535004870612525,0
2022-01-24 01:41:00,1.0972766998540515,62.795407473298994,0
2022-01-24 01:42:00,1.8068128899773443,59.750227436603204,0
2022-01-24 01:43:00,1.3086579130176432,60.514480075707375,0
2022-01-24 01:44:00,1.071729553694921,65.36599407317864,0
2022-01-24 01:45:00,1.6494610857085084,60.969664337517585,0
2022-01-24 01:46:00,1.9433395250895005,59.535041044034564,0
2022-01-24 01:47:00,2.0282216391446823,60.12603690430607,0
2022-01-24 01:48:00,1.8034331677420259,63.9588285898895,0
2022-01-24 01:49:00,1.533319722995122,63.57309229502033,0
2022-01-24 01:50:00,1.850354892792346,61.86913804632409,0
2022-01-24 01:51:00,1.6890004012420605,67.79747195518593,0
2022-01-24 01:52:00,2.0348044419062012,61.81437562691234,0
2022-01-24 01:53:00,1.5795808376959282,61.58545904568567,0
2022-01-24 01:54:00,2.2548026720021452,61.19621429705452,0
2022-01-24 01:55:00,1.855620464466071,64.98200773289928,0
2022-01-24 01:56:00,1.64781119188301,62.458143290077054,0
2022-01-24 01:57:00,1.8278775930206634,65.6497519478684,0
2022-01-24 01:58:00,1.3729957241397395,59.47364672197158,0
2022-01-24 01:59:00,2.022526929641699,67.37743302738372,0
2022-01-24 02:00:00,0.9770001393983023,62.733776655468624,0
2022-01-24 02:01:00,2.348285814714952,65.32019334409031,0
2022-01-24 02:02:00,1.8911072446563728,60.86369787454276,0
2022-01-24 02:03:00,1.9976040261499182,61.52471727419355,0
2022-01-24 02:04:00,1.0368332630197816,61.08517079830645,0
2022-01-24 02:05:00,2.535333155492701,64.44875644547892,0
2022-01-24 02:06:00,1.9003897207241032,66.74015992306525,0
2022-01-24 02:07:00,1.4064274896283595,59.93307887927999,0
2022-01-24 02:08:00,1.7159180163396306,59.05794268642167,0
2022-01-24 02:09:00,2.5767823677019703,62.74972388383334,0
2022-01-24 02:10:00,1.9813453468656872,65.93851087222514,0
2022-01-24 02:11:00,1.8556578116060156,59.46773277408858,0
2022-01-24 02:12:00,1.4772495658482612,63.869542651789494,0
2022-01-24 02:13:00,1.7895990716329502,62.869917121545804,0
2022-01-24 02:14:00,2.2201991533075267,66.31271864305484,0
2022-01-24 02:15:00,2.1399193591571963,65.23736519857918,0
2022-01-24 02:16:00,1.5998143039371364,62.14072207886192,0
2022-01-24 02:17:00,1.3982022115294197,66.02325152203758,0
2022-01-24 02:18:00,2.468558709611905,61.923398473868986,0
2022-01-24 02:19:00,1.620778060291557,64.18358765589838,0
2022-01-24 02:20:00,1.8164410125581232,62.93830720714177,0
2022-01-24 02:21:00,2.004510422843618,61.10875881567688,0
2022-01-24 02:22:00,1.3806328134226367,66.79316291321359,0
2022-01-24 02:23:00,1.1605178239086391,66.09142498063956,0
2022-01-24 02:24:00,2.2991665803756525,67.83510383419159,0
2022-01-24 02:25:00,1.5403401827676435,62.39003343609324,0
2022-01-24 02:26:00,1.7212736965697548,63.49409873778489,0
2022-01-24 02:27:00,2.8112648500815594,59.97278032666518,0
2022-01-24 02:28:00,1.255361925368613,67.33587913848794,0
2022-01-24 02:29:00,1.6771777740510392,63.786675344102434,0
2022-01-24 02:30:00,2.2729389560514477,64.54622623843514,0
2022-01-24 02:31:00,1.1314617817817578,61.93662926147961,0
2022-01-24 02:32:00,0.552688061769365,63.016935647095494,0
2022-01-24 02:33:00,2.4705950605602602,63.38749893714007,0
2022-01-24 02:34:00,1.1979982900484802,65.57843159512835,0
2022-01-24 02:35:00,1.269414136461581,61.41709164393949,0
2022-01-24 02:36:00,1.9622169562310452,62.79120809029591,0
2022-01-24 02:37:00,1.7336806091971733,64.59798422266158,0
2022-01-24 02:38:00,1.6030836382280993,65.64017393667815,0
2022-01-24 02:39:00,1.5811459177512512,64.28326425189398,0
2022-01-24 02:40:00,2.1507497976162724,63.38684468345536,0
2022-01-24 02:41:00,1.2363317326753074,64.2929486169039,0
2022-01-24 02:42:00,0.737092670679206,63.98471863482363,0
2022-01-24 02:43:00,0.9596157040601979,65.82315186070537,0
2022-01-24 02:44:00,1.1920363419065108,64.86915597104134,0
2022-01-24 02:45:00,2.300007169424234,65.00218588225026,0
2022-01-24 02:46:00,2.429876510958681,62.492816155183235,0
2022-01-24 02:47:00,1.0106728576052786,63.211859412919026,0
2022-01-24 02:48:00,0.7031386195226882,66.39590731469339,0
2022-01-24 02:49:00,1.6979038697434032,62.6116928200243,0
2022-01-24 02:50:00,1.720675953829845,62.15622139630421,0
2022-01-24 02:51:00,2.0318097233979135,61.60543443560694,0
2022-01-24 02:52:00,2.4051000833574294,61.867899092571015,0
2022-01-24 02:53:00,1.6705746022159214,65.73697360083395,0
2022-01-24 02:54:00,1.8206710950500968,60.74621247311557,0
2022-01-24 02:55:00,2.0880954597609667,63.87920552356562,0
2022-01-24 02:56:00,2.2666650454652153,64.72966535421331,0
2022-01-24 02:57:00,2.910381376145425,63.87212595886616,0
2022-01-24 02:58:00,0.754351855956577,64.99026257309002,0
2022-01-24 02:59:00,2.1542161012573082,62.18895032101514,0
2022-01-24 03:00:00,1.4488189496335493,66.24114730122227,0
2022-01-24 03:01:00,1.5718077795323728,70.42594431772008,0
2022-01-24 03:02:00,2.0541967760807376,64.83583265484495,0
2022-01-24 03:03:00,1.5579486873576447,63.242514927442485,0
2022-01-24 03:04:00,0.932825839202594,63.215388117367496,0
2022-01-24 03:05:00,1.1534120378919799,64.8213598167223,0
2022-01-24 03:06:00,1.3577518474875632,64.03125708436974,0
2022-01-24 03:07:00,2.0557592542051926,65.78496097583836,0
2022-01-24 03:08:00,1.5870851282484428,62.83658063441312,0
2022-01-24 03:09:00,1.7166320569127755,64.3331954863811,0
2022-01-24 03:10:00,0.866492107812816,65.44872162097425,0
2022-01-24 03:11:00,1.2134954546575356,63.95780894509795,0
2022-01-24 03:12:00,1.1931202808723136,65.74532573087404,0
2022-01-24 03:13:00,1.3674605535196644,64.88815379721525,0
2022-01-24 03:14:00,1.567833789549398,67.02730963307637,0
2022-01-24 03:15:00,1.6456126758818272,63.33366647473818,0
2022-01-24 03:16:00,2.013332763405762,65.91560301692802,0
2022-01-24 03:17:00,1.4670916294460716,68.46112809201054,0
2022-01-24 03:18:00,2.738549775020914,65.5900409261437,0
2022-01-24 03:19:00,1.692478251352721,64.91745023040774,0
2022-01-24 03:20:00,1.9268900952415422,66.73779929854192,0
2022-01-24 03:21:00,1.531056770963308,64.64802806654953,0
2022-01-24 03:22:00,1.8367358342201296,63.429227481940536,0
2022-01-24 03:23:00,1.7617057549733268,61.839011713410784,0
2022-01-24 03:24:00,1.3169463435032371,62.64453280005566,0
2022-01-24 03:25:00,1.9147067124857244,63.15034601392788,0
2022-01-24 03:26:00,0.6316735502122968,68.16603825469667,0
2022-01-24 03:27:00,1.407118962991198,65.20653066450329,0
2022-01-24 03:28:00,0.15760588112860696,63.671624994576526,0
2022-01-24 03:29:00,1.8068002655283515,67.22082857555144,0
2022-01-24 03:30:00,0.40125610960328495,64.44568926263318,0
2022-01-24 03:31:00,2.1471680842380487,67.94514099874064,0
2022-01-24 03:32:00,1.3761351145677505,63.33805324678601,0
2022-01-24 03:33:00,1.2051848244097676,64.05784284068721,0
2022-01-24 03:34:00,1.3782905600272701,66.78137625331817,0
2022-01-24 03:35:00,2.3803301215176753,66.12205676352859,0
2022-01-24 03:36:00,2.2908555168278144,64.45693930458475,0
2022-01-24 03:37:00,1.7621841042490538,67.21076348764775,0
2022-01-24 03:38:00,1.3305728172419298,64.45233212711798,0
2022-01-24 03:39:00,0.2735852770147509,66.38385787348672,0
2022-01-24 03:40:00,1.281294929653463,68.2010002033765,0
2022-01-24 03:41:00,1.4311731613191925,67.3817756741712,0
2022-01-24 03:42:00,1.7458383303343425,61.44524618006569,0
2022-01-24 03:43:00,1.7169513359009998,63.034301069044986,0
2022-01-24 03:44:00,1.589530990340843,64.8669333991929,0
2022-01-24 03:45:00,2.5034449176945053,63.026936355847475,0
2022-01-24 03:46:00,1.4985458266870129,67.4153734358088,0
2022-01-24 03:47:00,0.8185499597938107,68.5738188159098,0
2022-01-24 03:48:00,1.5290269681155386,66.72678007040513,0
2022-01-24 03:49:00,1.0141859228066847,63.43489411618521,0
2022-01-24 03:50:00,1.9245424634879464,67.10612231041081,0
2022-01-24 03:51:00,1.573567694560381,66.39382919647305,0
2022-01-24 03:52:00,1.0058184914049735,65.47256333572356,0
2022-01-24 03:53:00,1.3740994754571847,65.16188191476074,0
2022-01-24 03:54:00,0.01855152444122532,64.89445532341122,0
2022-01-24 03:55:00,1.5426335707937235,70.0989247724124,0
2022-01-24 03:56:00,1.6460951632073537,65.34519259628097,0
2022-01-24 03:57:00,1.231612581394247,66.4486752211466,0
2022-01-24 03:58:00,0.95773060093166,68.68237216047248,0
2022-01-24 03:59:00,1.1436079521348548,64.64429959709256,0
2022-01-24 04:00:00,0.9911785284220187,65.21639048070747,0
2022-01-24 04:01:00,1.4100070969213274,63.84942055267989,0
2022-01-24 04:02:00,1.5068523683665294,67.8214242027488,0
2022-01-24 04:03:00,1.68641115880836,66.11704962761567,0
2022-01-24 04:04:00,1.1937380607443604,65.3374410007301,0
2022-01-24 04:05:00,1.0616720998861122,66.02421469118728,0
2022-01-24 04:06:00,1.836631337895259,63.95495948002094,0
2022-01-24 04:07:00,1.7055422738559287,69.81253493867202,0
2022-01-24 04:08:00,1.6835173310715867,66.02016754178501,0
2022-01-24 04:09:00,2.245119402998566,64.96005900719024,0
2022-01-24 04:10:00,1.2589399267643488,67.06842655816143,0
2022-01-24 04:11:00,1.4586825917814474,66.59483320355744,0
2022-01-24 04:12:00,1.900427707644472,64.96283670159204,0
2022-01-24 04:13:00,1.0072736713343275,68.72170223515265,0
2022-01-24 04:14:00,1.6363606083277509,72.17642387728507,0
2022-01-24 04:15:00,1.7885905642944764,69.24220620539835,0
2022-01-24 04:16:00,1.5444984651794456,64.9359832013111,0
2022-01-24 04:17:00,1.1200492942599232,67.79457026247272,0
2022-01-24 04:18:00,1.3103781618758934,65.61524897904299,0
2022-01-24 04:19:00,1.4270748972526814,66.67837308936548,0
2022-01-24 04:20:00,1.1877913746585398,69.85996206118894,0
2022-01-24 04:21:00,2.0096126213773005,67.63652651733982,0
2022-01-24 04:22:00,2.0337178393129474,68.23531820805377,0
2022-01-24 04:23:00,2.1859244082629727,62.3437167907125,0
2022-01-24 04:24:00,1.3928872325059964,62.14748005013762,0
2022-01-24 04:25:00,1.897639900237506,65.33338360724234,0
2022-01-24 04:26:00,1.0663324481749636,69.60911899137366,0
2022-01-24 04:27:00,1.770412583756773,67.79117556748108,0
2022-01-24 04:28:00,2.136950719357688,69.70110510399745,0
2022-01-24 04:29:00,1.3936677786310419,65.15016183361658,0
2022-01-24 04:30:00,2.343842025734471,66.35492614081119,0
2022-01-24 04:31:00,1.441006804987796,66.717326048152,0
2022-01-24 04:32:00,1.9463994824316537,72.953183072305,0
2022-01-24 04:33:00,0.9295099024151708,62.86796766375208,0
2022-01-24 04:34:00,1.7935102204817561,65.9917383877384,0
2022-01-24 04:35:00,1.3561356972540415,64.67609073540162,0
2022-01-24 04:36:00,1.4465689494534826,68.68707274250492,0
2022-01-24 04:37:00,1.1636245026115335,66.24512399965239,0
2022-01-24 04:38:00,1.3232109209086853,66.91805010350026,0
2022-01-24 04:39:00,0.9758264999591835,65.47968703053365,0
2022-01-24 04:40:00,1.7979139708726515,67.29616722096088,0
2022-01-24 04:41:00,0.6995523194038303,63.31468553163032,0
2022-01-24 04:42:00,1.592810375918418,67.69735774894713,0
2022-01-24 04:43:00,0.9220158706553483,72.02808330887693,0
2022-01-24 04:44:00,0.5906147342835931,64.71542477620905,0
2022-01-24 04:45:00,1.0666835824916632,67.31232937123973,0
2022-01-24 04:46:00,1.9702984685885814,66.10295922360575,0
2022-01-24 04:47:00,1.1284191812267559,69.72905637317987,0
2022-01-24 04:48:00,0.7770932901957238,68.06929090548212,0
2022-01-24 04:49:00,1.8640956315418498,63.941533678493954,0
2022-01-24 04:50:00,0.6768378522219032,67.6454190457262,0
2022-01-24 04:51:00,1.8188488107574554,68.39919141940585,0
2022-01-24 04:52:00,1.0620503948995312,68.55320774235321,0
2022-01-24 04:53:00,1.8504997898436422,64.82952808919933,0
2022-01-24 04:54:00,1.423966829030352,65.38072153785414,0
2022-01-24 04:55:00,0.6639391167459778,66.7261776206357,0
2022-01-24 04:56:00,1.0325387223240934,66.41422575311309,0
2022-01-24 04:57:00,1.5110473470277441,65.4547040726638,0
2022-01-24 04:58:00,1.3443478201845693,66.44451975458679,0
2022-01-24 04:59:00,2.3160472290887357,67.8060035454534,0
2022-01-24 05:00:00,0.8596661030682134,69.23626916753956,0
2022-01-24 05:01:00,1.1763295654567167,70.5911417125332,0
2022-01-24 05:02:00,0.8783696433393291,65.61822398088644,0
2022-01-24 05:03:00,1.3251326144215692,71.92472130269861,0
2022-01-24 05:04:00,2.2053498437673724,65.57911624587896,0
2022-01-24 05:05:00,1.2459525833525043,68.60168028444608,0
2022-01-24 05:06:00,1.7297787640147722,69.35986318334513,0
2022-01-24 05:07:00,0.9777501441552305,67.6697564260091,0
2022-01-24 05:08:00,1.3898785493267694,66.80712615413607,0
2022-01-24 05:09:00,0.8252872043821673,64.3029567203467,0
2022-01-24 05:10:00,1.6619385083430473,69.02317956558386,0
2022-01-24 05:11:00,1.710850758353377,68.89381074892307,0
2022-01-24 05:12:00,1.2419401066439861,70.6699009672445,0
2022-01-24 05:13:00,2.1443684433378456,65.98671047584679,0
2022-01-24 05:14:00,2.2974099556948686,68.488067142066,0
2022-01-24 05:15:00,0.8364605677005532,66.41952228970634,0
2022-01-24 05:16:00,1.2091499050486583,68.27252799175504,0
2022-01-24 05:17:00,1.75140226294649,66.74149160927243,0
2022-01-24 05:18:00,1.0932183919578617,65.03959722284218,0
2022-01-24 05:19:00,1.1350004408818222,66.45805221997901,0
2022-01-24 05:20:00,1.2986501044329066,69.44701711261743,0
2022-01-24 05:21:00,1.1190397573067505,67.1492356624279,0
2022-01-24 05:22:00,0.5552539487045022,69.08692270541863,0
2022-01-24 05:23:00,1.8307109980140943,68.13078542059672,0
2022-01-24 05:24:00,1.3378423461824336,67.72140323163323,0
2022-01-24 05:25:00,1.5643265609906107,67.52306898976765,0
2022-01-24 05:26:00,1.020524844601655,70.0007127756015,0
2022-01-24 05:27:00,-0.007708570015071636,63.70265147809146,0
2022-01-24 05:28:00,1.9004945708154508,70.28530488496389,0
2022-01-24 05:29:00,1.2492023125147111,69.70449435067775,0
2022-01-24 05:30:00,1.9254698890496424,68.82923958458302,0
2022-01-24 05:31:00,0.529005635338156,68.69793729752199,0
2022-01-24 05:32:00,0.9765119595206113,68.70895668785292,0
2022-01-24 05:33:00,0.5260875393901054,67.44277077324492,0
2022-01-24 05:34:00,1.5234059223341503,68.2784094097401,0
2022-01-24 05:35:00,2.2753976300952274,71.63917843340064,0
2022-01-24 05:36:00,1.4819589137631355,68.33523168623383,0
2022-01-24 05:37:00,-0.055566273174869174,65.63313496879358,0
2022-01-24 05:38:00,0.8133502994032202,70.59476050036372,0
2022-01-24 05:39:00,1.6617276945027917,67.29239662293574,0
2022-01-24 05:40:00,0.6696033315051577,69.00884746266956,0
2022-01-24 05:41:00,1.6820668676151935,68.99119381452165,0
2022-01-24 05:42:00,2.144167785392072,66.3610911995098,0
2022-01-24 05:43:00,1.1014128237435787,68.5061651266156,0
2022-01-24 05:44:00,1.0251722111410153,67.49506668155311,0
2022-01-24 05:45:00,1.5883112614176795,73.53695433497825,0
2022-01-24 05:46:00,1.6267794657868628,69.8787384742255,0
2022-01-24 05:47:00,1.9311277165818326,67.91972774102885,0
2022-01-24 05:48:00,0.8320984489509304,69.56417084685495,0
2022-01-24 05:49:00,1.6805240068467595,72.33313245738086,0
2022-01-24 05:50:00,1.3428012108393315,63.795221210621825,0
2022-01-24 05:51:00,1.7901470872319238,68.49761887288811,0
2022-01-24 05:52:00,0.4805683036103736,66.35524257571231,0
2022-01-24 05:53:00,0.9087096370968876,69.30592877639279,0
2022-01-24 05:54:00,2.5038221266621585,67.84027159629869,0
2022-01-24 05:55:00,1.7880420086095223,71.26440728643372,0
2022-01-24 05:56:00,1.2489238796021,68.81108424111406,0
2022-01-24 05:57:00,0.823375617017069,70.51403161796794,0
2022-01-24 05:58:00,1.3928164142615267,68.27362207013974,0
2022-01-24 05:59:00,2.007965840665144,66.83885699698999,0
2022-01-24 06:00:00,1.6689205419523545,65.9539499030645,0
2022-01-24 06:01:00,1.7332531589844864,67.3498709741977,0
2022-01-24 06:02:00,0.7743514091012073,67.47138771792483,0
2022-01-24 06:03:00,0.9866879933895861,69.44714500811143,0
2022-01-24 06:04:00,1.302318767665695,66.14688054484537,0
2022-01-24 06:05:00,1.4259636593311122,68.29664850010936,0
2022-01-24 06:06:00,1.7669268132463831,71.53365228507309,0
2022-01-24 06:07:00,0.9716785516415127,70.36444540792218,0
2022-01-24 06:08:00,1.3967107304769162,70.5029072060544,0
2022-01-24 06:09:00,1.8177209895138513,69.49854317064913,0
2022-01-24 06:10:00,1.5106018419010472,65.98091666548369,0
2022-01-24 06:11:00,0.5919794603316253,68.78603114023313,0
2022-01-24 06:12:00,0.6994532656740455,73.63758282504054,0
2022-01-24 06:13:00,1.4138014668426557,68.65400289607238,0
2022-01-24 06:14:00,1.2135336197897153,66.66973021861327,0
2022-01-24 06:15:00,0.7843927235788483,68.40702706833807,0
2022-01-24 06:16:00,1.5927131734221192,71.03076303075122,0
2022-01-24 06:17:00,1.9712794379652159,70.48523803788687,0
2022-01-24 06:18:00,0.9201328780109204,71.00184002568712,0
2022-01-24 06:19:00,1.5247513501054761,65.0690255054664,0
2022-01-24 06:20:00,0.9108559037672901,70.2743503348619,0
2022-01-24 06:21:00,0.6949887954522994,71.4516345293381,0
2022-01-24 06:22:00,1.5575309712022118,67.94297298224072,0
2022-01-24 06:23:00,0.9942610333552084,70.84636533286405,0
2022-01-24 06:24:00,0.6065614236971343,69.88869792338821,0
2022-01-24 06:25:00,0.6936517315879404,70.42625556488802,0
2022-01-24 06:26:00,0.7444210398343638,68.64920592872403,0
2022-01-24 06:27:00,0.7058302886129173,67.7583376299947,0
2022-01-24 06:28:00,1.3048361774967248,68.9892425673131,0
2022-01-24 06:29:00,2.0709183737307963,69.8999718844938,0
2022-01-24 06:30:00,1.5953883690682713,69.41596192902662,0
2022-01-24 06:31:00,1.4791776116402824,71.01231859242132,0
2022-01-24 06:32:00,0.6461902539165548,72.17166624218208,0
2022-01-24 06:33:00,1.376237018895139,70.99836847136461,0
2022-01-24 06:34:00,1.2244189093487092,66.51654773206712,0
2022-01-24 06:35:00,1.2468808574545736,68.21732761895787,0
2022-01-24 06:36:00,1.347876777240971,72.84822313909416,0
2022-01-24 06:37:00,0.801953693132313,68.44008340893488,0
2022-01-24 06:38:00,0.06817137414376861,68.2305466717033,0
2022-01-24 06:39:00,2.0753437347138077,69.9034981698627,0
2022-01-24 06:40:00,0.9605359842037625,69.80142862075442,0
2022-01-24 06:41:00,0.9430629555630771,68.89588045075149,0
2022-01-24 06:42:00,1.7138793647739134,69.14098641522129,0
2022-01-24 06:43:00,1.058711225126432,67.8300006198341,0
2022-01-24 06:44:00,1.130709496044709,69.75872291369109,0
2022-01-24 06:45:00,0.14557903794168459,70.72513900868614,0
2022-01-24 06:46:00,1.4730828964777234,68.30175231574704,0
2022-01-24 06:47:00,0.05451035018337147,65.3679770084022,0
2022-01-24 06:48:00,0.9978396773859379,69.43168832750429,0
2022-01-24 06:49:00,1.922694513204109,72.97222700361573,0
2022-01-24 06:50:00,0.5662938530341116,70.58955820699757,0
2022-01-24 06:51:00,0.4635349658122043,69.04021066165693,0
2022-01-24 06:52:00,1.1055116793889364,70.18976343304563,0
2022-01-24 06:53:00,1.311974664800405,68.52599250962287,0
2022-01-24 06:54:00,0.6701955569037068,66.86857546708592,0
2022-01-24 06:55:00,1.8223875354682457,72.85273989156296,0
2022-01-24 06:56:00,1.3628121471946628,70.68780679610566,0
2022-01-24 06:57:00,0.7008988698805497,71.89919553701415,0
2022-01-24 06:58:00,1.0603664156494317,67.15153678500857,0
2022-01-24 06:59:00,0.9414610422278034,69.88575117500933,0
2022-01-24 07:00:00,1.2799867543075527,73.38312855186888,0
2022-01-24 07:01:00,1.1046847498872634,68.84658453953827,0
2022-01-24 07:02:00,0.8116875571584317,71.67497897849967,0
2022-01-24 07:03:00,0.9060336480977889,71.19541487636306,0
2022-01-24 07:04:00,1.0377773750432226,69.03421352043948,0
2022-01-24 07:05:00,1.6575673626498952,73.30036678695798,0
2022-01-24 07:06:00,0.4290724419546652,69.08656621105183,0
2022-01-24 07:07:00,0.5597166657514006,72.88459524328978,0
2022-01-24 07:08:00,0.6883929623405245,69.05074716390943,0
2022-01-24 07:09:00,1.2572340870409116,69.38728365994287,0
2022-01-24 07:10:00,0.5620365243000184,70.60371686451306,0
2022-01-24 07:11:00,1.02486441235617,72.1545161392577,0
2022-01-24 07:12:00,0.6604417643382299,70.905695637834,0
2022-01-24 07:13:00,1.400616443619504,68.85738135185268,0
2022-01-24 07:14:00,1.034578239787976,68.92850762826863,0
2022-01-24 07:15:00,0.8094522152246043,70.41457037200904,0
2022-01-24 07:16:00,1.216065276396068,69.25046189833874,0
2022-01-24 07:17:00,1.546126630569094,71.55316564070235,0
2022-01-24 07:18:00,1.0404288120242167,69.88907922300933,0
2022-01-24 07:19:00,0.7542742061083587,72.04325440640879,0
2022-01-24 07:20:00,0.7070693762482543,73.30584483621922,0
2022-01-24 07:21:00,1.627417068272271,71.87738146072068,0
2022-01-24 07:22:00,0.899930074841811,72.9895012744528,0
2022-01-24 07:23:00,0.3916912102921525,74.79710432379301,0
2022-01-24 07:24:00,0.5900301243428565,72.23139030809966,0
2022-01-24 07:25:00,1.0332989626815756,71.981561429107,0
2022-01-24 07:26:00,1.128332147079131,70.58665242163084,0
2022-01-24 07:27:00,0.9024503777943538,71.22531285153403,0
2022-01-24 07:28:00,1.5019891848471767,69.97161705979477,0
2022-01-24 07:29:00,0.8598880674129573,73.42286444265628,0
2022-01-24 07:30:00,0.2885773635515084,71.81850734264981,0
2022-01-24 07:31:00,0.5241748804015239,71.51993021984276,0
2022-01-24 07:32:00,1.6248849226234157,68.7281621012078,0
2022-01-24 07:33:00,1.1592860544528583,75.47384443157148,0
2022-01-24 07:34:00,1.4024322791139379,68.17531820118596,0
2022-01-24 07:35:00,1.5209604975153648,74.2737993233488,0
2022-01-24 07:36:00,1.3616556401641986,74.15133216256548,0
2022-01-24 07:37:00,1.0197811530116379,71.57330534005841,0
2022-01-24 07:38:00,1.769962011817681,69.62829641356758,0
2022-01-24 07:39:00,1.2248433107893586,72.19093767011256,0
2022-01-24 07:40:00,2.10865913921769,71.59278087204814,0
2022-01-24 07:41:00,1.085549685054873,72.52790596435653,0
2022-01-24 07:42:00,1.189388195769047,76.3121318647505,0
2022-01-24 07:43:00,1.2951034738261076,67.66085628284134,0
2022-01-24 07:44:00,1.0739659781437372,69.40960374650658,0
2022-01-24 07:45:00,0.5094099520840881,69.41314483276754,0
2022-01-24 07:46:00,0.7898498137931,69.45215509393527,0
2022-01-24 07:47:00,1.6342078240881532,73.17022700966842,0
2022-01-24 07:48:00,1.185655485891029,70.64874258585549,0
2022-01-24 07:49:00,1.258993826744987,74.16098095711494,0
2022-01-24 07:50:00,0.6028668596571702,70.89612810497225,0
2022-01-24 07:51:00,1.1151399636549848,71.0745266448945,0
2022-01-24 07:52:00,0.8747262707575361,66.72060145762731,0
2022-01-24 07:53:00,1.3681749060219746,69.61549692165856,0
2022-01-24 07:54:00,0.801106263591896,72.13859611250278,0
2022-01-24 07:55:00,1.640616387588092,71.8387924399126,0
2022-01-24 07:56:00,1.1381178906226486,72.69723391587657,0
2022-01-24 07:57:00,1.774370434403398,68.07146618247396,0
2022-01-24 07:58:00,0.887988017452674,70.64337250057851,0
2022-01-24 07:59:00,-0.0924065784287067,71.4187262556209,0
2022-01-24 08:00:00,1.4600290319820082,69.51609331268983,0
2022-01-24 08:01:00,0.5428930227785056,70.10052951043606,0
2022-01-24 08:02:00,0.2542014625578398,69.64780900991256,0
2022-01-24 08:03:00,0.7179297742438246,74.08098123423265,0
2022-01-24 08:04:00,1.1807333584033808,69.4908390669959,0
2022-01-24 08:05:00,0.7157740699782511,71.43395060794982,0
2022-01-24 08:06:00,0.723548339936854,69.99231486099063,0
2022-01-24 08:07:00,1.6512033785095213,74.31188411854744,0
2022-01-24 08:08:00,1.5464522916548242,69.3547416545716,0
2022-01-24 08:09:00,1.58010988000258,71.68248519364634,0
2022-01-24 08:10:00,1.3675078704262587,75.08732856411322,0
2022-01-24 08:11:00,0.5788596249024165,75.92237486226608,0
2022-01-24 08:12:00,0.9979844980269343,71.93054247486293,0
2022-01-24 08:13:00,0.07992009731489069,72.51250250434127,0
2022-01-24 08:14:00,1.974039427171242,68.64063450103495,0
2022-01-24 08:15:00,0.910369250562239,74.6186589813344,0
2022-01-24 08:16:00,0.7990635111732678,73.3225391122623,0
2022-01-24 08:17:00,0.674174160288471,70.61001626493811,0
2022-01-24 08:18:00,0.550224343346595,68.0471654155433,0
2022-01-24 08:19:00,1.6899608302098825,72.4023023924712,0
2022-01-24 08:20:00,1.2739357088697556,74.44368164083168,0
2022-01-24 08:21:00,1.6920001422218713,71.35842755248235,0
2022-01-24 08:22:00,1.2880106790471677,71.67861720995924,0
2022-01-24 08:23:00,0.6810362735025174,73.89882936451117,0
2022-01-24 08:24:00,0.1398549538124001,74.02859219521811,0
2022-01-24 08:25:00,0.822426866323712,74.71204141506682,0
2022-01-24 08:26:00,1.3610484936686609,73.79321002603564,0
2022-01-24 08:27:00,0.9983096147311699,72.20658757179825,0
2022-01-24 08:28:00,1.476169278813426,70.27392705079347,0
2022-01-24 08:29:00,0.9527777362461599,74.67101813213898,0
2022-01-24 08:30:00,1.174259051737141,72.77446353522416,0
2022-01-24 08:31:00,0.751776838860366,73.63746647335803,0
2022-01-24 08:32:00,0.061085803443168385,68.62697842445306,0
2022-01-24 08:33:00,1.8167921037410903,75.07199590569212,0
2022-01-24 08:34:00,0.9080354335444665,75.45432974642435,0
2022-01-24 08:35:00,0.8997098342277547,73.14236074731251,0
2022-01-24 08:36:00,1.3409269751317008,71.84814005921028,0
2022-01-24 08:37:00,0.4616628063294354,74.26584225876564,0
2022-01-24 08:38:00,1.8314413122444344,76.14215410813367,0
2022-01-24 08:39:00,0.48753403045349397,73.52507168712553,0
2022-01-24 08:40:00,1.903296668988828,71.47974932006652,0
2022-01-24 08:41:00,1.6936553008073594,71.23356428231878,0
2022-01-24 08:42:00,1.4389255125852918,71.63740324206255,0
2022-01-24 08:43:00,0.8139347322723293,71.98514157824212,0
2022-01-24 08:44:00,0.8551025951520899,74.95615570787153,0
2022-01-24 08:45:00,0.27544493421806915,69.89244109355823,0
2022-01-24 08:46:00,0.7634222526559123,70.94808742535687,0
2022-01-24 08:47:00,1.2726055913789875,70.2882297168341,0
2022-01-24 08:48:00,1.0253975047378818,72.34166168372514,0
2022-01-24 08:49:00,0.5864856230572397,72.70544888029482,0
2022-01-24 08:50:00,0.8997541360332394,73.40893685613739,0
2022-01-24 08:51:00,0.9306338962553906,75.08784456558057,0
2022-01-24 08:52:00,0.9738666128062717,74.8282136446353,0
2022-01-24 08:53:00,0.8161578502240864,71.46439878026244,0
2022-01-24 08:54:00,1.3902429441389064,75.59794360322825,0
2022-01-24 08:55:00,0.4409070357356053,71.55546019477917,0
2022-01-24 08:56:00,1.458951660071933,75.66714776376728,0
2022-01-24 08:57:00,0.9213622291765979,73.75145227277734,0
2022-01-24 08:58:00,0.8465244163801867,69.39561497822555,0
2022-01-24 08:59:00,1.2544282693505369,73.87350488137905,0
2022-01-24 09:00:00,0.40974102265300166,76.39461810198381,0
2022-01-24 09:01:00,0.40253935804023633,75.12757985328862,0
2022-01-24 09:02:00,1.373907505209355,75.21889550087053,0
2022-01-24 09:03:00,1.1589733281196253,70.98895375168703,0
2022-01-24 09:04:00,0.9489517167718826,74.53098691466016,0
2022-01-24 09:05:00,0.8069899743338338,70.59308088151832,0
2022-01-24 09:06:00,0.6911723923521946,70.42519919049687,0
2022-01-24 09:07:00,1.0815978876033125,69.12871071732427,0
2022-01-24 09:08:00,1.2253158054434645,72.66207772154485,0
2022-01-24 09:09:00,0.6033740757443458,73.00347103716632,0
2022-01-24 09:10:00,1.4593981577113864,72.13910871802035,0
2022-01-24 09:11:00,0.677452507606592,73.56593926053979,0
2022-01-24 09:12:00,0.46090388481669925,72.89435682339227,0
2022-01-24 09:13:00,0.9589181235076932,73.81628387458329,0
2022-01-24 09:14:00,0.6480212151557766,70.31458347680905,0
2022-01-24 09:15:00,1.5761855822477568,72.97825383133046,0
2022-01-24 09:16:00,0.6163660414884264,74.90603666648454,0
2022-01-24 09:17:00,0.8158718152634492,70.8104904009801,0
2022-01-24 09:18:00,0.06697015704988074,74.07287712340197,0
2022-01-24 09:19:00,0.6935676078867097,75.61422634129434,0
2022-01-24 09:20:00,0.46390758530762954,74.73874239782475,0
2022-01-24 09:21:00,-0.09109632004029167,76.76762729035995,0
2022-01-24 09:22:00,-0.16342176888559956,75.05756781416225,0
2022-01-24 09:23:00,1.3856477151383964,70.72326386594001,0
2022-01-24 09:24:00,0.4633583534748272,72.79209353972317,0
2022-01-24 09:25:00,1.1398549590363016,73.88832043031296,0
2022-01-24 09:26:00,0.8508436381167107,71.22600134958098,0
2022-01-24 09:27:00,-0.17155639646686904,74.4776646548593,0
2022-01-24 09:28:00,-0.10992035536531253,74.89172765017331,0
2022-01-24 09:29:00,1.192435568375478,74.17413219907806,0
2022-01-24 09:30:00,0.5492842800327438,76.09054340398352,0
2022-01-24 09:31:00,1.1618376667010137,72.87232187062371,0
2022-01-24 09:32:00,-0.46166473735429414,71.62915237180614,0
2022-01-24 09:33:00,1.235097031050054,73.55170018859833,0
2022-01-24 09:34:00,1.4205375153238182,74.19907008847629,0
2022-01-24 09:35:00,0.5889021839216341,74.77365529540815,0
2022-01-24 09:36:00,0.6785755289258948,76.40260657402497,0
2022-01-24 09:37:00,1.643785831922717,71.66069398182557,0
2022-01-24 09:38:00,0.7553727054198976,75.1869731546443,0
2022-01-24 09:39:00,0.43765345779578013,76.10747517971905,0
2022-01-24 09:40:00,0.6678533188420239,76.31093544016295,0
2022-01-24 09:41:00,0.7030527236302159,77.40723585110105,0
2022-01-24 09:42:00,0.9167501608681595,75.48512849924302,0
2022-01-24 09:43:00,1.2711682121873487,75.75837086766663,0
2022-01-24 09:44:00,1.412276515591068,73.75053087038717,0
2022-01-24 09:45:00,0.9402952552395307,74.74516094014076,0
2022-01-24 09:46:00,0.46812458345896685,77.08240280449955,0
2022-01-24 09:47:00,0.531989154521181,71.65642441648697,0
2022-01-24 09:48:00,1.011397354689585,75.11136131405443,0
2022-01-24 09:49:00,0.10412283900250485,76.88325633161536,0
2022-01-24 09:50:00,1.2858559100638622,71.59735494872982,0
2022-01-24 09:51:00,1.08343011312579,73.99760673000824,0
2022-01-24 09:52:00,0.08125180576041557,76.91721185547833,0
2022-01-24 09:53:00,0.8806254136715244,78.53998444917337,0
2022-01-24 09:54:00,1.1623810591127612,75.05704568874827,0
2022-01-24 09:55:00,0.9836716362608414,77.98937504871084,0
2022-01-24 09:56:00,1.692442796963399,74.08656595534676,0
2022-01-24 09:57:00,1.8892455882101755,75.14887761603732,0
2022-01-24 09:58:00,1.3448538562702381,71.44118563898174,0
2022-01-24 09:59:00,0.37195303638696664,73.47526786399091,0
2022-01-24 10:00:00,0.5566696399226284,72.93684092492279,0
2022-01-24 10:01:00,0.520596911091126,74.74108181798447,0
2022-01-24 10:02:00,1.2546672539600539,73.49345845033505,0
2022-01-24 10:03:00,0.3096228442976622,73.9057641043112,0
2022-01-24 10:04:00,0.27529520169044774,77.69285842031957,0
2022-01-24 10:05:00,1.2763143308830442,74.26050749477902,0
2022-01-24 10:06:00,0.8045646759032526,72.59270370864398,0
2022-01-24 10:07:00,0.6693012909370929,72.59147025840097,0
2022-01-24 10:08:00,0.6129433154186804,73.03441530587693,0
2022-01-24 10:09:00,0.821414946923489,73.07691230514793,0
2022-01-24 10:10:00,0.43206205516226875,71.86928212072849,0
2022-01-24 10:11:00,0.22668447779271095,76.00146635288414,0
2022-01-24 10:12:00,1.1376208679570812,76.1825059224511,0
2022-01-24 10:13:00,0.9732067781465702,76.21537063828228,0
2022-01-24 10:14:00,0.12279452943193436,73.0983016964994,0
2022-01-24 10:15:00,0.5803280615581207,79.3329544843663,0
2022-01-24 10:16:00,0.09701858334880187,77.10957137767501,0
2022-01-24 10:17:00,1.2431201439589727,77.88204520566437,0
2022-01-24 10:18:00,0.5549604661498783,78.44565285270888,0
2022-01-24 10:19:00,1.4883917199767978,74.49134892823861,0
2022-01-24 10:20:00,0.8299686697780303,75.17860969290189,0
2022-01-24 10:21:00,0.14591945579975252,75.67345731939861,0
2022-01-24 10:22:00,0.7432837548800993,75.54693358095957,0
2022-01-24 10:23:00,1.010363133045633,77.42000862532454,0
2022-01-24 10:24:00,0.3475505158000111,74.36266664094309,0
2022-01-24 10:25:00,0.7228572429366178,74.33982427358525,0
2022-01-24 10:26:00,0.6967311133991506,76.02483924970694,0
2022-01-24 10:27:00,0.40259281414281917,73.57924356652045,0
2022-01-24 10:28:00,0.8552673732746386,79.6011396647776,0
2022-01-24 10:29:00,0.45148381841926666,76.33741592378307,0
2022-01-24 10:30:00,1.493809855652919,74.39564286249654,0
2022-01-24 10:31:00,0.8739000380907075,76.31453754340265,0
2022-01-24 10:32:00,0.34566429931893083,80.13084348224987,0
2022-01-24 10:33:00,1.010251029168178,71.98496247669434,0
2022-01-24 10:34:00,0.614130224716861,72.00690967885264,0
2022-01-24 10:35:00,0.18352673299497935,72.54332645725556,0
2022-01-24 10:36:00,0.6853595163712259,74.28192771469881,0
2022-01-24 10:37:00,0.35900876999662595,74.88538616415357,0
2022-01-24 10:38:00,0.7696085588440525,78.49363284440648,0
2022-01-24 10:39:00,0.41757563848004137,76.00153558990755,0
2022-01-24 10:40:00,1.247172629295482,72.56306859145394,0
2022-01-24 10:41:00,0.5560994483554339,76.35187425728932,0
2022-01-24 10:42:00,0.7535825056521053,75.99421903826406,0
2022-01-24 10:43:00,0.9420376695891635,74.80153588911756,0
2022-01-24 10:44:00,1.6474607481920667,74.31214185579886,0
2022-01-24 10:45:00,0.8347566231876786,75.67981034308842,0
2022-01-24 10:46:00,0.5837810613719728,77.62482557923147,0
2022-01-24 10:47:00,1.0008381771383519,74.72717792379554,0
2022-01-24 10:48:00,0.2224042627183102,76.79222860524733,0
2022-01-24 10:49:00,-0.10224131092374711,76.26791278424851,0
2022-01-24 10:50:00,0.09886933878203574,76.60986699013034,0
2022-01-24 10:51:00,0.7183379123051004,74.87922251432124,0
2022-01-24 10:52:00,0.4876607062728737,75.54394011750401,0
2022-01-24 10:53:00,0.3531495060211219,73.27901428449998,0
2022-01-24 10:54:00,0.6358495593553325,74.32693721489555,0
2022-01-24 10:55:00,0.6067225750326246,75.63243144111158,0
2022-01-24 10:56:00,1.0069987041825403,74.85518473472496,0
2022-01-24 10:57:00,0.6276464500863366,75.64513893825365,0
2022-01-24 10:58:00,-0.08305346972107419,74.59217921243943,0
2022-01-24 10:59:00,0.2834292209290167,76.34214655554048,0
2022-01-24 11:00:00,0.5234834100464235,76.71146464659331,0
2022-01-24 11:01:00,0.04993329982881889,74.83869112215882,0
2022-01-24 11:02:00,1.4380672500135683,76.07338476418873,0
2022-01-24 11:03:00,0.8417097908549432,73.24722049811933,0
2022-01-24 11:04:00,1.4458303039411673,78.03573711313778,0
2022-01-24 11:05:00,0.03964238528012898,79.40303262839761,0
2022-01-24 11:06:00,0.5478854999457671,75.54814863337016,0
2022-01-24 11:07:00,1.2937347319972763,75.24125781006926,0
2022-01-24 11:08:00,0.4627468001638617,75.96699993507022,0
2022-01-24 11:09:00,0.5990370575369939,76.46372341410284,0
2022-01-24 11:10:00,0.3962101817869487,74.41784141694832,0
2022-01-24 11:11:00,1.1411285868826333,75.85472034172405,0
2022-01-24 11:12:00,0.8431811776211728,72.77425930695868,0
2022-01-24 11:13:00,0.3420853260032407,75.36402533894075,0
2022-01-24 11:14:00,-0.06266410538743172,77.04093195082652,0
2022-01-24 11:15:00,1.0146198215105133,78.65487454811245,0
2022-01-24 11:16:00,1.0131910667552946,78.15950267733362,0
2022-01-24 11:17:00,0.6045773300449965,73.03559461502974,0
2022-01-24 11:18:00,0.978481061640462,79.22209677469174,0
2022-01-24 11:19:00,0.9406865293395068,78.06957586745777,0
2022-01-24 11:20:00,0.38451077494812613,73.20137342315196,0
2022-01-24 11:21:00,-0.1636796412054684,76.4430622621509,0
2022-01-24 11:22:00,0.562479935260281,73.37737117560293,0
2022-01-24 11:23:00,1.2709440906357221,75.85137919878004,0
2022-01-24 11:24:00,1.235779471160227,77.37499405986324,0
2022-01-24 11:25:00,0.7911654159397802,78.57694194615996,0
2022-01-24 11:26:00,-0.02247616613602843,78.13103023526388,0
2022-01-24 11:27:00,0.5126845780408189,76.1212919401567,0
2022-01-24 11:28:00,0.27523582950939474,76.74313654022876,0
2022-01-24 11:29:00,0.5086615515386523,77.45226730098369,0
2022-01-24 11:30:00,-0.24497567055713043,78.9294074175387,0
2022-01-24 11:31:00,-0.5087406348043486,79.05495173197363,0
2022-01-24 11:32:00,-0.10474894841007609,81.24741051280313,0
2022-01-24 11:33:00,1.1605704095584648,80.62512615147274,0
2022-01-24 11:34:00,0.36339014382487256,76.6444856799352,0
2022-01-24 11:35:00,1.0914272450121258,75.9147664995812,0
2022-01-24 11:36:00,0.3914251285436322,78.6096224339864,0
2022-01-24 11:37:00,0.572627155560579,74.58127330105215,0
2022-01-24 11:38:00,0.7123617432660938,76.75382596381024,0
2022-01-24 11:39:00,0.11244008185428772,80.1689317940204,0
2022-01-24 11:40:00,0.9858829241008438,76.09178406718645,0
2022-01-24 11:41:00,0.25181007081499907,74.96028465310094,0
2022-01-24 11:42:00,0.661091704302219,80.16530662358072,0
2022-01-24 11:43:00,0.41153122656717234,73.93778971413846,0
2022-01-24 11:44:00,0.5891182228694906,82.86747071705801,0
2022-01-24 11:45:00,0.5325912445982245,76.79252062829184,0
2022-01-24 11:46:00,0.8706011682972628,79.85328683245234,0
2022-01-24 11:47:00,0.31369624868018786,78.16424321882255,0
2022-01-24 11:48:00,0.4795876126743832,79.23171924188057,0
2022-01-24 11:49:00,0.42283617968609677,77.64332358323641,0
2022-01-24 11:50:00,0.5750954202023764,77.45657084942391,0
2022-01-24 11:51:00,-0.4981409945988833,77.95126661210497,0
2022-01-24 11:52:00,-0.14242381931147474,81.58880889694912,0
2022-01-24 11:53:00,0.5494313136081891,80.21496789118041,0
2022-01-24 11:54:00,0.2814772658740955,77.0887496126879,0
2022-01-24 11:55:00,-0.07547946121142712,79.54215469847615,0
2022-01-24 11:56:00,-0.31018256615153417,81.24364349045875,0
2022-01-24 11:57:00,0.5725243722297029,75.94510129120579,0
2022-01-24 11:58:00,-0.14233251233655797,79.15583774050815,0
2022-01-24 11:59:00,0.03753159541271983,78.42811481423699,0
2022-01-24 12:00:00,0.8844500047485305,78.37013286357195,0
2022-01-24 12:01:00,-0.5376417243454634,76.80877696216265,0
2022-01-24 12:02:00,0.38937554342885905,82.38617480812763,0
2022-01-24 12:03:00,0.4649355992944952,79.87626617503982,0
2022-01-24 12:04:00,0.1400252029269965,75.56364250839998,0
2022-01-24 12:05:00,0.3103278686003309,76.1175338736505,0
2022-01-24 12:06:00,0.8336132439336685,80.5181573861436,0
2022-01-24 12:07:00,-0.26972731207207534,80.46780585397286,0
2022-01-24 12:08:00,1.4499886340765884,77.92614770204433,0
2022-01-24 12:09:00,0.4904921630714148,76.44037254994826,0
2022-01-24 12:10:00,1.0485391787627512,79.54448051110522,0
2022-01-24 12:11:00,0.34383460574994024,79.60278597407853,0
2022-01-24 12:12:00,0.08825448185364215,76.09504095262052,0
2022-01-24 12:13:00,-0.05249143633135722,78.83873900299898,0
2022-01-24 12:14:00,0.6075337035500346,79.14581564666356,0
2022-01-24 12:15:00,0.5280566682630616,79.94068118489996,0
2022-01-24 12:16:00,0.002560493964066768,78.11371803729054,0
2022-01-24 12:17:00,0.7605666775809512,79.41911361083845,0
2022-01-24 12:18:00,0.013627443233709013,77.43897719220776,0
2022-01-24 12:19:00,0.6642045399452767,77.83603853319201,0
2022-01-24 12:20:00,0.8946871128532583,77.37631401704375,0
2022-01-24 12:21:00,0.0017572268100831123,80.15057597746711,0
2022-01-24 12:22:00,1.5254989067910978,74.77014323136717,0
2022-01-24 12:23:00,0.720488338921268,77.63443160983007,0
2022-01-24 12:24:00,-0.04598446766648595,81.77158347177121,0
2022-01-24 12:25:00,0.9992786067387336,78.15632764965798,0
2022-01-24 12:26:00,0.0029354356315816066,76.91030718790108,0
2022-01-24 12:27:00,0.6419504366455828,79.35482384023678,0
2022-01-24 12:28:00,-0.17522906847455166,77.64767857455348,0
2022-01-24 12:29:00,0.3443838433259363,76.85192047888447,0
2022-01-24 12:30:00,-0.18979064423685943,76.16464879949633,0
2022-01-24 12:31:00,0.488443733256713,78.35020137359041,0
2022-01-24 12:32:00,0.9025946205458049,80.5772837465604,0
2022-01-24 12:33:00,0.5881112505800804,75.88350209240153,0
2022-01-24 12:34:00,-0.02857949599826959,79.37024079666044,0
2022-01-24 12:35:00,0.836194356258656,82.22017764008481,0
2022-01-24 12:36:00,0.5051893960017255,75.75166619648525,0
2022-01-24 12:37:00,0.7971915656048494,76.03399471095915,0
2022-01-24 12:38:00,0.6561168271457225,81.4498129456441,0
2022-01-24 12:39:00,0.5388796125897365,77.58668350737433,0
2022-01-24 12:40:00,-0.16708675192097533,80.84649405866537,0
2022-01-24 12:41:00,0.583984814508989,79.44831057317693,0
2022-01-24 12:42:00,0.7698535119141194,80.19092689053721,0
2022-01-24 12:43:00,0.6432372660813694,81.98322044529826,0
2022-01-24 12:44:00,0.08088839918177132,80.00136452818666,0
2022-01-24 12:45:00,0.8293743560008846,76.66431736082188,0
2022-01-24 12:46:00,0.12679683456324808,77.32617066408369,0
2022-01-24 12:47:00,0.8646195565714783,76.7594993512245,0
2022-01-24 12:48:00,0.25715193684316895,80.49682000411795,0
2022-01-24 12:49:00,1.3395459511683314,78.75339966367363,0
2022-01-24 12:50:00,1.084907749548179,79.72410053422867,0
2022-01-24 12:51:00,-0.12194383484063076,77.73978221141175,0
2022-01-24 12:52:00,0.4844486439070153,76.15905788821604,0
2022-01-24 12:53:00,0.35129827724136187,81.19603473405942,0
2022-01-24 12:54:00,1.1686628823293512,76.59229608648054,0
2022-01-24 12:55:00,-0.07786075475471399,76.85724597069274,0
2022-01-24 12:56:00,0.1380026544229234,77.98663170695276,0
2022-01-24 12:57:00,0.3400963691735658,77.07931002610817,0
2022-01-24 12:58:00,0.45331725126362593,82.04984454576812,0
2022-01-24 12:59:00,1.0078719540027072,79.21225661322394,0
2022-01-24 13:00:00,0.013027554786710582,74.98143097753628,0
2022-01-24 13:01:00,0.9838471846415127,78.01397876496787,0
2022-01-24 13:02:00,0.815722156228899,83.58885813159651,0
2022-01-24 13:03:00,-0.34985603236501794,78.47787207248562,0
2022-01-24 13:04:00,0.22273445868485728,82.75942152576265,0
2022-01-24 13:05:00,0.42186986872926285,79.10784141203992,0
2022-01-24 13:06:00,0.7787539190041493,77.0123195177092,0
2022-01-24 13:07:00,1.0465973329386715,79.23479054221687,0
2022-01-24 13:08:00,0.5551444921610376,81.17159719898923,0
2022-01-24 13:09:00,1.1864696015755762,79.19206612821222,0
2022-01-24 13:10:00,1.0570807752130666,77.32255091362464,0
2022-01-24 13:11:00,-0.6399291668441877,80.65179975046512,0
2022-01-24 13:12:00,0.44337474308484126,77.44145344412321,0
2022-01-24 13:13:00,-0.10427757132470439,77.00998760811854,0
2022-01-24 13:14:00,0.7930144952811874,80.61477910688177,0
2022-01-24 13:15:00,0.09938948238657547,75.84459462704086,0
2022-01-24 13:16:00,0.2519378041142063,77.84480231318152,0
2022-01-24 13:17:00,0.6699863425558812,78.16508490697385,0
2022-01-24 13:18:00,1.2463453409782166,79.6221433967028,0
2022-01-24 13:19:00,0.005638532422487352,75.302848694847,0
2022-01-24 13:20:00,0.5114819488929274,77.97869245815674,0
2022-01-24 13:21:00,-0.01904961049511983,75.15339721606941,0
2022-01-24 13:22:00,0.27474063823086853,81.9958393443144,0
2022-01-24 13:23:00,0.49657421543360425,80.02197757618192,0
2022-01-24 13:24:00,0.4648841519452353,76.5537743880048,0
2022-01-24 13:25:00,0.6241569997142291,79.22640668930974,0
2022-01-24 13:26:00,0.20190259665225785,80.41357948065091,0
2022-01-24 13:27:00,0.20753653523826887,78.65997171477399,0
2022-01-24 13:28:00,0.4491106960566783,80.18885019224214,0
2022-01-24 13:29:00,0.7414961514631895,79.61520626630175,0
2022-01-24 13:30:00,0.10055408518546918,77.13458257542456,0
2022-01-24 13:31:00,0.1042167363132078,78.920177403471,0
2022-01-24 13:32:00,0.7770954390731897,77.29717126900351,0
2022-01-24 13:33:00,1.481101358243474,79.38877556246334,0
2022-01-24 13:34:00,0.8063258633384676,81.27733277871795,0
2022-01-24 13:35:00,-0.07353719611500281,78.25398693589251,0
2022-01-24 13:36:00,0.6503595548436998,78.81756883198129,0
2022-01-24 13:37:00,0.45909893894494525,80.57727486424437,0
2022-01-24 13:38:00,0.9448858177696001,80.7825822343475,0
2022-01-24 13:39:00,-0.760501680858835,81.09777868990092,0
2022-01-24 13:40:00,0.20569182710273076,78.17508253464472,0
2022-01-24 13:41:00,0.5802464367060919,80.29397295623528,0
2022-01-24 13:42:00,-0.31936776225453933,80.46996324501094,0
2022-01-24 13:43:00,-0.7030305631547271,82.03519406631747,0
2022-01-24 13:44:00,-0.3266053951991402,82.5486892876555,0
2022-01-24 13:45:00,-0.08579294164629603,83.31270481559201,0
2022-01-24 13:46:00,-0.036505432546015515,81.48402507353369,0
2022-01-24 13:47:00,0.4349318598023454,78.17011916621895,0
2022-01-24 13:48:00,0.4573036566113261,81.3491524599749,0
2022-01-24 13:49:00,0.4816067808306129,81.90212677239835,0
2022-01-24 13:50:00,-0.6357536485059264,80.32440995411986,0
2022-01-24 13:51:00,-0.37193891124341905,80.14082778848093,0
2022-01-24 13:52:00,-0.09407243507100371,82.56019158052841,0
2022-01-24 13:53:00,1.113372533747767,80.25876325507652,0
2022-01-24 13:54:00,0.6553593317212223,79.68351843012809,0
2022-01-24 13:55:00,0.4606098929832637,77.82433087996851,0
2022-01-24 13:56:00,0.8689745714766054,79.95994245676397,0
2022-01-24 13:57:00,0.6475974917704383,83.14406731895002,0
2022-01-24 13:58:00,-0.3583327012180103,80.26143093167421,0
2022-01-24 13:59:00,-0.06350057076196364,80.21152195991661,0
2022-01-24 14:00:00,1.1775413675341095,79.37042172859569,0
2022-01-24 14:01:00,-0.32477659022570105,79.79522954137968,0
2022-01-24 14:02:00,0.8154732053605226,82.32749671313891,0
2022-01-24 14:03:00,0.6031482445169644,80.6010844181717,0
2022-01-24 14:04:00,-0.008802919815117327,80.05672224359687,0
2022-01-24 14:05:00,0.777742553674821,82.10145593679766,0
2022-01-24 14:06:00,0.16666907024082273,84.26814436982932,0
2022-01-24 14:07:00,0.30372489755089516,79.93185684291178,0
2022-01-24 14:08:00,0.8103809082453913,77.5358685754641,0
2022-01-24 14:09:00,0.009614576348981635,79.47636838474841,0
2022-01-24 14:10:00,0.4087210084758518,81.4795123069746,0
2022-01-24 14:11:00,1.297238280805611,80.82436595045006,0
2022-01-24 14:12:00,0.810129768676252,79.7493341204495,0
2022-01-24 14:13:00,0.31025565451630877,81.29286130729584,0
2022-01-24 14:14:00,-0.38470058173755173,78.47147696209584,0
2022-01-24 14:15:00,0.47015143963552447,79.75683084575464,0
2022-01-24 14:16:00,-0.1638120008720106,82.31319465299721,0
2022-01-24 14:17:00,0.9264657477951147,80.13843631743573,0
2022-01-24 14:18:00,1.5734073729397098,82.26571125399171,0
2022-01-24 14:19:00,0.23115072826820296,81.67062303183788,0
2022-01-24 14:20:00,0.21662608300513506,79.07451483741676,0
2022-01-24 14:21:00,-0.27572434608341195,79.18259891927534,0
2022-01-24 14:22:00,0.18647275082878034,79.26225870988594,0
2022-01-24 14:23:00,0.830319455667851,81.15007986564467,0
2022-01-24 14:24:00,1.1979777917435954,82.04553801589749,0
2022-01-24 14:25:00,-0.24120681803722238,79.10035512371617,0
2022-01-24 14:26:00,0.5357679350673936,80.9219575182501,0
2022-01-24 14:27:00,0.37673173160583673,79.43410583932427,0
2022-01-24 14:28:00,0.5165187217486009,81.27554255213634,0
2022-01-24 14:29:00,0.5072762143634715,82.49934642840844,0
2022-01-24 14:30:00,-0.259397449125428,78.81363448129132,0
2022-01-24 14:31:00,-0.30589606300432254,79.54749657074721,0
2022-01-24 14:32:00,0.060577706714489296,85.22899059495272,0
2022-01-24 14:33:00,-1.0868809974660703,81.03315167292536,0
2022-01-24 14:34:00,1.1163588303292071,83.76839744854257,0
2022-01-24 14:35:00,-0.10754335844389762,82.53250500952245,0
2022-01-24 14:36:00,-0.9318543071714052,82.7393841482409,0
2022-01-24 14:37:00,0.007600318777771037,83.42913775002056,0
2022-01-24 14:38:00,0.04892659515895208,81.65817947708867,0
2022-01-24 14:39:00,-0.3226535091448583,85.69581083360599,0
2022-01-24 14:40:00,-0.08123046136333675,83.83135039983634,0
2022-01-24 14:41:00,-0.5489559760901257,81.43025471524932,0
2022-01-24 14:42:00,-0.037652704617336996,84.3754495902356,0
2022-01-24 14:43:00,0.24703052789110724,81.15569612131169,0
2022-01-24 14:44:00,0.15958415708905418,83.13505632020943,0
2022-01-24 14:45:00,0.6993988727889021,83.66209549740242,0
2022-01-24 14:46:00,0.6589211996479242,83.33413639909017,0
2022-01-24 14:47:00,0.6994865865678156,80.4034446848806,0
2022-01-24 14:48:00,-0.40962335471708333,87.07860014487844,0
2022-01-24 14:49:00,0.4683718584480164,82.53088148449899,0
2022-01-24 14:50:00,-0.03043449673068055,79.62132305901743,0
2022-01-24 14:51:00,1.091569509802169,83.31565629279436,0
2022-01-24 14:52:00,-0.4363410262941789,81.96038876805098,0
2022-01-24 14:53:00,-0.00889588153575313,82.40495072697773,0
2022-01-24 14:54:00,0.4476227325913832,82.12098702634147,0
2022-01-24 14:55:00,-0.03879472690862637,82.38623808282433,0
2022-01-24 14:56:00,0.4373479780295841,79.79878853996514,0
2022-01-24 14:57:00,-0.6142992948523108,78.83954226777027,0
2022-01-24 14:58:00,-0.17998693558280077,80.98517073752572,0
2022-01-24 14:59:00,-0.45653236183496926,81.43357920201255,0
2022-01-24 15:00:00,-0.8208277910759871,80.74780783180627,0
2022-01-24 15:01:00,0.33320788962126435,85.99997676719406,0
2022-01-24 15:02:00,1.4583738740308345,83.58620244512316,0
2022-01-24 15:03:00,-0.3886700153594954,81.10017940081744,0
2022-01-24 15:04:00,0.13888415139399526,79.84497371426971,0
2022-01-24 15:05:00,0.9426308982449416,86.69484088284969,0
2022-01-24 15:06:00,-0.607450159176962,84.79113703888342,0
2022-01-24 15:07:00,0.3085390778193665,82.98257051239227,0
2022-01-24 15:08:00,0.612624334468884,79.16554262061423,0
2022-01-24 15:09:00,-0.9020684629017532,83.30881773443971,0
2022-01-24 15:10:00,-0.49325928959884546,87.71553552243502,0
2022-01-24 15:11:00,-0.3646802372854018,79.99982895289176,0
2022-01-24 15:12:00,0.06137532691849189,83.2354404238161,0
2022-01-24 15:13:00,-0.4740250335499072,80.80931234976904,0
2022-01-24 15:14:00,0.6232875290396673,83.02620774801515,0
2022-01-24 15:15:00,-0.12115880530825482,80.75240417286504,0
2022-01-24 15:16:00,0.9002995232276698,79.34367372877702,0
2022-01-24 15:17:00,0.580004964038785,80.78509330958083,0
2022-01-24 15:18:00,0.31931143357864256,81.47820234891206,0
2022-01-24 15:19:00,-0.570233163257035,81.24601262930415,0
2022-01-24 15:20:00,-0.34142571355158147,82.95033626090327,0
2022-01-24 15:21:00,0.42057872770510996,84.64314306278587,0
2022-01-24 15:22:00,0.48137773229757874,84.56511130895049,0
2022-01-24 15:23:00,1.1078866293831802,82.45032349702133,0
2022-01-24 15:24:00,-0.8172860531084062,83.93816439135372,0
2022-01-24 15:25:00,-0.43246961330267886,83.28907942631606,0
2022-01-24 15:26:00,-0.6151615884116575,84.65579144455064,0
2022-01-24 15:27:00,-0.2699805095053603,81.63192699335949,0
2022-01-24 15:28:00,0.6551896683886047,82.15928650327392,0
2022-01-24 15:29:00,-0.25662616464851845,83.3951575962672,0
2022-01-24 15:30:00,-0.24325508751511427,85.61530721595088,0
2022-01-24 15:31:00,0.19202010027764857,79.26292571025087,0
2022-01-24 15:32:00,-0.5464824986259498,79.57944540078071,0
2022-01-24 15:33:00,-0.2775648956146315,82.99617908521972,0
2022-01-24 15:34:00,0.17987229445058878,83.15610259918525,0
2022-01-24 15:35:00,-0.9444060068241266,79.89894121842553,0
2022-01-24 15:36:00,-0.19139714613529216,85.92225536996504,0
2022-01-24 15:37:00,-0.4812059918541376,79.71771341709557,0
2022-01-24 15:38:00,0.46651980959872297,83.85764710078892,0
2022-01-24 15:39:00,0.7187885269181538,86.02536908633294,0
2022-01-24 15:40:00,-0.6653267178438993,82.50067130875487,0
2022-01-24 15:41:00,-1.0015166855359865,84.00187973086135,0
2022-01-24 15:42:00,-0.43862592448107696,79.13740394348531,0
2022-01-24 15:43:00,0.30826551023857945,86.40220393431306,0
2022-01-24 15:44:00,-0.12671746920510538,84.24767285740921,0
2022-01-24 15:45:00,-0.6858986605706839,85.83538019804452,0
2022-01-24 15:46:00,0.09887343339690641,83.60211474393198,0
2022-01-24 15:47:00,0.6377127813554279,83.86078580253665,0
2022-01-24 15:48:00,-0.004026543176341026,80.02136530786483,0
2022-01-24 15:49:00,0.06581188115521754,82.74220218161018,0
2022-01-24 15:50:00,-0.5750961140924715,79.97386351063025,0
2022-01-24 15:51:00,0.626014571954133,85.0551600607728,0
2022-01-24 15:52:00,0.5621554918833636,79.73163486877537,0
2022-01-24 15:53:00,0.3011052322919521,83.29167782026005,0
2022-01-24 15:54:00,0.5081052647660226,82.74273077049625,0
2022-01-24 15:55:00,-0.29602419608099745,80.80544814886336,0
2022-01-24 15:56:00,-0.008203746343363159,81.075807372763,0
2022-01-24 15:57:00,-0.3230421480957318,82.84363940701633,0
2022-01-24 15:58:00,-0.5255794802970993,84.2047463493734,0
2022-01-24 15:59:00,0.686955639514875,81.0406590926615,0
2022-01-24 16:00:00,-0.10090248095716853,82.80620881888572,0
2022-01-24 16:01:00,-0.10817792414413407,83.70309549258945,0
2022-01-24 16:02:00,0.24046666425818644,86.22833184409915,0
2022-01-24 16:03:00,0.7817505143652587,83.10764064695532,0
2022-01-24 16:04:00,-0.4087045451013175,83.11250519867161,0
2022-01-24 16:05:00,0.8404361844339729,85.5128566514956,0
2022-01-24 16:06:00,-0.2611701952384823,83.23201024001521,0
2022-01-24 16:07:00,0.25014224440588356,85.66568210470486,0
2022-01-24 16:08:00,0.7739024952769019,83.89881180331214,0
2022-01-24 16:09:00,-0.4459555977380498,82.05413701946708,0
2022-01-24 16:10:00,0.30331984824900304,83.10558216661505,0
2022-01-24 16:11:00,0.055786912191104446,82.8102395824192,0
2022-01-24 16:12:00,-1.4150899401701582,84.79801264274158,0
2022-01-24 16:13:00,-0.7717736703544311,85.30574686604906,0
2022-01-24 16:14:00,0.31493427123002593,82.6593991735946,0
2022-01-24 16:15:00,0.2553343027531822,86.11093669954786,0
2022-01-24 16:16:00,0.3496096302360599,81.46793058979922,0
2022-01-24 16:17:00,0.6412891185064609,83.85455694270838,0
2022-01-24 16:18:00,-0.6462770818001423,83.79489190467648,0
2022-01-24 16:19:00,0.08492119641315059,81.641302259046,0
2022-01-24 16:20:00,-0.061130408715364605,85.78271168255078,0
2022-01-24 16:21:00,-0.5216627868424555,86.10331424867051,0
2022-01-24 16:22:00,0.38457966252727427,85.39351603875514,0
2022-01-24 16:23:00,0.4523210995987168,82.73249261568331,0
2022-01-24 16:24:00,-0.4900190713314221,83.83801789343808,0
2022-01-24 16:25:00,-0.5370280609044851,81.66508745762262,0
2022-01-24 16:26:00,1.0610723597151432,83.62272047350366,0
2022-01-24 16:27:00,0.5579228967808338,84.35798196507908,0
2022-01-24 16:28:00,-0.028996537279737437,83.76065199211112,0
2022-01-24 16:29:00,-0.98962054525646,84.99663169967272,0
2022-01-24 16:30:00,-0.1552446559335253,81.24534678323093,0
2022-01-24 16:31:00,-0.10296066783111102,87.19726328135471,0
2022-01-24 16:32:00,0.17459133717522227,86.8122406992962,0
2022-01-24 16:33:00,-0.5556624923114983,81.68605391413499,0
2022-01-24 16:34:00,0.22721816972058978,84.73246713975327,0
2022-01-24 16:35:00,0.5783463992620533,82.30193239783111,0
2022-01-24 16:36:00,0.27972222267634356,85.18008702077914,0
2022-01-24 16:37:00,-0.4427535244526241,85.5295731993604,0
2022-01-24 16:38:00,0.24165839056092464,85.28942724346034,0
2022-01-24 16:39:00,0.3183725182966684,83.30343353937138,0
2022-01-24 16:40:00,-0.772511099215172,83.84992027727489,0
2022-01-24 16:41:00,-0.044349275579788267,86.10901342363809,0
2022-01-24 16:42:00,-0.42964319957162067,83.32171515814083,0
2022-01-24 16:43:00,-1.050454214142815,86.31179928418489,0
2022-01-24 16:44:00,-0.39221575226008915,87.86490777706562,0
2022-01-24 16:45:00,-0.35507757485039004,81.93600285580737,0
2022-01-24 16:46:00,-0.46884817854588395,84.52895603116056,0
2022-01-24 16:47:00,0.3531424536554382,83.46447099693599,0
2022-01-24 16:48:00,0.3847909214504128,83.9988157233362,0
2022-01-24 16:49:00,-1.1538631090223879,84.60593673034636,0
2022-01-24 16:50:00,-0.32530255135941133,86.36798270549652,0
2022-01-24 16:51:00,-0.28427882596028275,83.97834928947114,0
2022-01-24 16:52:00,-0.8141173748009995,83.7010939605116,0
2022-01-24 16:53:00,-0.14485919710184372,83.40260694764704,0
2022-01-24 16:54:00,0.4620550808438094,82.25318849193522,0
2022-01-24 16:55:00,0.02352467304659106,83.54221811214646,0
2022-01-24 16:56:00,-0.28301795641569105,87.431471750917,0
2022-01-24 16:57:00,-0.5686682273856816,81.56938652934156,0
2022-01-24 16:58:00,-0.44316936218870356,83.73264270546045,0
2022-01-24 16:59:00,0.08792709153003608,86.43697351084933,0
2022-01-24 17:00:00,0.1525520848045711,85.82921810640079,0
2022-01-24 17:01:00,0.5816635127611313,86.07394563052422,0
2022-01-24 17:02:00,0.238808719126117,86.34353076807253,0
2022-01-24 17:03:00,-0.767187293481801,83.79798752720299,0
2022-01-24 17:04:00,-0.5413367412002988,82.77394452292839,0
2022-01-24 17:05:00,-0.20236949577538255,85.96138880037019,0
2022-01-24 17:06:00,0.03347514508407917,86.75921109003707,0
2022-01-24 17:07:00,-0.8649874199762171,84.55297126018256,0
2022-01-24 17:08:00,-0.8059814961862805,85.60681662177834,0
2022-01-24 17:09:00,-0.11653129186961805,84.64727687504374,0
2022-01-24 17:10:00,-0.6551337136855331,87.32075799578726,0
2022-01-24 17:11:00,-0.8184540582287124,87.15856020916371,0
2022-01-24 17:12:00,-0.47654402699319104,87.61285819347597,0
2022-01-24 17:13:00,0.02015645331681437,81.2415624591943,0
2022-01-24 17:14:00,0.47213518098075835,82.6844912599539,0
2022-01-24 17:15:00,0.017222015914218763,85.08625124734684,0
2022-01-24 17:16:00,0.24486162053852423,87.24187728443012,0
2022-01-24 17:17:00,-0.06478598979776332,84.64957447815816,0
2022-01-24 17:18:00,-0.2543384207092545,88.31385897989185,1
2022-01-24 17:19:00,-1.1158600001233372,90.77960528782405,1
2022-01-24 17:20:00,-0.19939342028339146,83.58865624941755,0
2022-01-24 17:21:00,-0.15966441844697096,83.29884918687125,0
2022-01-24 17:22:00,0.5711018070829083,87.16747936866162,0
2022-01-24 17:23:00,-0.2705500592232667,81.50488129317816,0
2022-01-24 17:24:00,-0.2128215503658173,82.57304605040312,0
2022-01-24 17:25:00,0.29032364522921067,87.55654265032149,0
2022-01-24 17:26:00,-0.776717685511402,85.59470994425027,0
2022-01-24 17:27:00,0.16248472665482916,83.62931370163484,0
2022-01-24 17:28:00,-0.28741466775327484,80.57585559042053,0
2022-01-24 17:29:00,-0.5221879105256815,85.31076031271843,0
2022-01-24 17:30:00,-0.43741526080776544,88.74911355036399,1
2022-01-24 17:31:00,0.21722302060558807,81.6147300488841,0
2022-01-24 17:32:00,-0.3636183276073583,81.34259699198928,0
2022-01-24 17:33:00,-0.4010847344515001,86.04782094601752,0
2022-01-24 17:34:00,-0.7163629400257803,88.43401077662737,1
2022-01-24 17:35:00,-0.18909241440147026,86.32823544048038,0
2022-01-24 17:36:00,-0.4930295465171991,85.22522228707177,0
2022-01-24 17:37:00,-0.6458293126519821,84.98496240017455,0
2022-01-24 17:38:00,-0.09889423620368497,88.72624988427239,1
2022-01-24 17:39:00,0.2908451121187924,85.94294110527629,0
2022-01-24 17:40:00,0.013447732996812678,85.81378394838417,0
2022-01-24 17:41:00,-0.4322914915474041,86.9001790455932,0
2022-01-24 17:42:00,-0.5332431799877566,84.60075959729623,0
2022-01-24 17:43:00,0.2218973473372695,82.53671156242135,0
2022-01-24 17:44:00,0.09154463333818197,84.2905728875064,0
2022-01-24 17:45:00,-0.22823659295622445,87.40847669363546,0
2022-01-24 17:46:00,-0.8078106585197614,84.0435614566944,0
2022-01-24 17:47:00,0.0613849149667377,84.57748596657503,0
2022-01-24 17:48:00,0.10000074279013932,83.87639577126426,0
2022-01-24 17:49:00,-0.28223943163006066,91.7222819109028,1
2022-01-24 17:50:00,-0.5822438849479437,83.66509363473023,0
2022-01-24 17:51:00,-0.6054825645820596,86.13628973086232,0
2022-01-24 17:52:00,-0.3352716068192829,91.75322570307463,1
2022-01-24 17:53:00,0.13965968051310534,85.35346204051375,0
2022-01-24 17:54:00,-0.2034533934090651,89.00359300051721,1
2022-01-24 17:55:00,-0.4468814410821831,86.69698702148715,0
2022-01-24 17:56:00,-0.655831318001469,85.68351729738859,0
2022-01-24 17:57:00,-0.3574643367239503,83.9823531368849,0
2022-01-24 17:58:00,-0.2906962303799395,85.28435606000299,0
2022-01-24 17:59:00,-0.2640544925052228,83.0402796989549,0
2022-01-24 18:00:00,-0.08904770053219108,85.47728340116315,0
2022-01-24 18:01:00,-0.15010035692303886,88.04025950574331,1
2022-01-24 18:02:00,-0.44786375886476526,85.77168275900813,0
2022-01-24 18:03:00,-0.41685127736823446,87.37791651516477,0
2022-01-24 18:04:00,-0.1600122245985937,87.85240389575745,0
2022-01-24 18:05:00,-0.2313053524225235,85.1240712011735,0
2022-01-24 18:06:00,-0.6279158861915679,88.73595689786582,1
2022-01-24 18:07:00,-0.3099922400465385,82.9816901640899,0
2022-01-24 18:08:00,-0.1843572589336133,85.61925528568217,0
2022-01-24 18:09:00,-0.47339722172970916,82.7366247005082,0
2022-01-24 18:10:00,-0.8465751273053533,88.0071338821989,1
2022-01-24 18:11:00,-0.09539246533858739,83.10991180040126,0
2022-01-24 18:12:00,-0.5093977428705949,86.57675471659319,0
2022-01-24 18:13:00,-0.6875237027053155,86.2301276819927,0
2022-01-24 18:14:00,-0.1708371939421568,86.02507452200845,0
2022-01-24 18:15:00,-0.16216255822459621,85.45765935927038,0
2022-01-24 18:16:00,-0.7514462802127317,88.97448974272665,1
2022-01-24 18:17:00,-0.32925891426528625,85.02886601485073,0
2022-01-24 18:18:00,-0.1113769149303031,85.88148017396533,0
2022-01-24 18:19:00,-0.6851230880569855,86.54909775180603,0
2022-01-24 18:20:00,-0.5066200385688593,85.81637851342691,0
2022-01-24 18:21:00,-0.883073613105994,86.82790000547031,0
2022-01-24 18:22:00,0.23324966638119937,87.77265717999784,0
2022-01-24 18:23:00,-0.1797249556701931,83.1594390562406,0
2022-01-24 18:24:00,0.24701950333558464,87.6557698295039,0
2022-01-24 18:25:00,-0.2558576694849744,89.37883537214363,1
2022-01-24 18:26:00,-0.7020824272816886,88.42398589673648,1
2022-01-24 18:27:00,0.11956533746454773,86.20006834918773,0
2022-01-24 18:28:00,-0.14633819582229513,89.3297456794317,1
2022-01-24 18:29:00,-0.9993626732372191,84.28747171874052,0
2022-01-24 18:30:00,-0.8796202807968093,86.77953368671926,0
2022-01-24 18:31:00,-0.7659286042313893,85.26351335339622,0
2022-01-24 18:32:00,-0.08411185430223944,83.24679371016131,0
2022-01-24 18:33:00,0.22453097369562647,88.90660284432036,1
2022-01-24 18:34:00,0.1673773040237223,84.92906198209282,0
2022-01-24 18:35:00,-0.3043010943371296,87.89994035428957,0
2022-01-24 18:36:00,-0.39717037302637065,88.95749744831369,1
2022-01-24 18:37:00,-1.2008082079615097,87.78257621070351,0
2022-01-24 18:38:00,-0.5119359858948571,86.94841220518778,0
2022-01-24 18:39:00,-0.6709586277427251,87.73865544242197,0
2022-01-24 18:40:00,-1.079317183445711,87.1695376762557,0
2022-01-24 18:41:00,-0.5475580673872968,85.65350562406474,0
2022-01-24 18:42:00,-0.7729654235284962,85.98194676894276,0
2022-01-24 18:43:00,-1.3566713412976417,89.72815220060191,1
2022-01-24 18:44:00,0.09501858764726767,87.02827635199662,0
2022-01-24 18:45:00,-0.9306363327462716,87.74518967703968,0
2022-01-24 18:46:00,-0.8320566994210479,85.91842888457208,0
2022-01-24 18:47:00,-0.08911687513649064,86.02668585135882,0
2022-01-24 18:48:00,-0.5588248919033774,84.80626392996362,0
2022-01-24 18:49:00,0.11667223860968601,87.06154773969415,0
2022-01-24 18:50:00,-0.47676032295448734,88.76992372251827,1
2022-01-24 18:51:00,-0.5030968002596125,85.20888357799727,0
2022-01-24 18:52:00,-0.04039151009712044,84.69052318773403,0
2022-01-24 18:53:00,-0.3491099079282345,89.38193654789329,1
2022-01-24 18:54:00,-0.3882550759689281,86.75870615369718,0
2022-01-24 18:55:00,0.6568963166825097,87.39499387337281,0
2022-01-24 18:56:00,-0.059617263247534136,90.13794406497725,1
2022-01-24 18:57:00,-0.8302961287564408,85.79966608867274,0
2022-01-24 18:58:00,-0.3763397783070685,86.47058914757481,0
2022-01-24 18:59:00,-0.9848924596984932,84.25780521191479,0
2022-01-24 19:00:00,-0.3223015310407811,91.60822483813291,1
2022-01-24 19:01:00,-0.9714100812547212,87.21129652817523,0
2022-01-24 19:02:00,-0.8713145313061025,87.26186606141466,0
2022-01-24 19:03:00,-1.0477241603039358,89.61145953433271,1
2022-01-24 19:04:00,-0.9149991332834091,90.73325207011193,1
2022-01-24 19:05:00,-1.0833982213540216,85.14860997008705,0
2022-01-24 19:06:00,-0.6805695558748253,87.15092190986235,0
2022-01-24 19:07:00,-0.25676704272495543,86.24772481187289,0
2022-01-24 19:08:00,-1.934054531320074,90.60136007100043,1
2022-01-24 19:09:00,0.3415643468243533,87.57772269678875,0
2022-01-24 19:10:00,-0.20928764113853884,87.09635361433052,0
2022-01-24 19:11:00,-0.11918110020178785,84.93193701071422,0
2022-01-24 19:12:00,-0.04045733382653083,85.219229353387,0
2022-01-24 19:13:00,-0.3188529132974119,87.920971494508,0
2022-01-24 19:14:00,-0.3147593774043953,83.198336727557,0
2022-01-24 19:15:00,-0.16181466207324469,90.98797963393073,1
2022-01-24 19:16:00,-0.8554104311625006,88.18755895554261,1
2022-01-24 19:17:00,-0.6042833406193825,87.96676115735377,0
2022-01-24 19:18:00,0.26355255615154716,89.4675553424893,1
2022-01-24 19:19:00,-1.0249110863080686,89.58911459071386,1
2022-01-24 19:20:00,-0.5140094579621038,89.7433004553023,1
2022-01-24 19:21:00,-1.908051404613753,89.72789760723465,1
2022-01-24 19:22:00,-0.667865201341922,89.1193070367033,1
2022-01-24 19:23:00,-0.1038696582642808,87.741082538152,0
2022-01-24 19:24:00,-0.4039762292147584,85.52058411247499,0
2022-01-24 19:25:00,-0.5974941569334214,87.67576634256282,0
2022-01-24 19:26:00,-0.9804955831183978,87.30143828681446,0
2022-01-24 19:27:00,-0.4348558887350443,87.92533883460692,0
2022-01-24 19:28:00,0.18079175154091232,89.35816133208682,1
2022-01-24 19:29:00,-0.5922142039024941,87.24738675489304,0
2022-01-24 19:30:00,-0.22124969073505055,90.77665719407851,1
2022-01-24 19:31:00,-0.3087849809842276,87.93479959344752,0
2022-01-24 19:32:00,-1.1617911852311313,85.29644573882732,0
2022-01-24 19:33:00,-0.5226308682819706,87.69523072433417,0
2022-01-24 19:34:00,-0.3156176835504393,86.85277771044733,0
2022-01-24 19:35:00,-1.0483627970815073,87.62874417650283,0
2022-01-24 19:36:00,-0.04283618679867074,88.84654592919715,1
2022-01-24 19:37:00,-0.42193403207084873,87.97177415486688,0
2022-01-24 19:38:00,-0.7211233254166984,87.40433686968494,0
2022-01-24 19:39:00,-0.7989511993704465,91.21972944274023,1
2022-01-24 19:40:00,0.2520988647661421,85.78401968048556,0
2022-01-24 19:41:00,-1.0702733379330946,88.69565402621934,1
2022-01-24 19:42:00,-0.106841805987892,89.30248437190116,1
2022-01-24 19:43:00,-0.26781932574812123,85.08017444772703,0
2022-01-24 19:44:00,-0.7349359437532218,87.96975469693203,0
2022-01-24 19:45:00,-0.03796657927067393,87.895283445064,0
2022-01-24 19:46:00,-0.5794325583568397,86.95485022689283,0
2022-01-24 19:47:00,-0.6153514938313113,88.81954720199766,1
2022-01-24 19:48:00,-0.559086947385941,88.1537005833641,1
2022-01-24 19:49:00,-0.5787367733051617,87.29080422908184,0
2022-01-24 19:50:00,0.12176235190049445,88.58725614554548,1
2022-01-24 19:51:00,-0.287250113434516,93.01088778833005,1
2022-01-24 19:52:00,-0.30329925896318644,88.55574003978951,1
2022-01-24 19:53:00,-0.49882083789558096,93.07533082511391,1
2022-01-24 19:54:00,-0.1868587908178408,88.4004121885726,1
2022-01-24 19:55:00,-0.23654155224830625,90.34030245466637,1
2022-01-24 19:56:00,-0.15722346021937444,86.98450627668593,0
2022-01-24 19:57:00,-0.7076414338961925,87.90659437450412,0
2022-01-24 19:58:00,-0.9916980186328417,92.267116662536,1
2022-01-24 19:59:00,-0.40191285254394193,92.54065437456022,1
2022-01-24 20:00:00,-0.7071332071050097,88.11666803816999,1
2022-01-24 20:01:00,-0.646056478628463,87.17799654448551,0
2022-01-24 20:02:00,-0.38697997172778437,85.10584667682647,0
2022-01-24 20:03:00,0.7926174050943424,87.52530297895989,0
2022-01-24 20:04:00,-1.02279653130216,87.20048337702167,0
2022-01-24 20:05:00,0.05957336303368965,86.5417615397497,0
2022-01-24 20:06:00,-0.8776732004294643,89.16200754915711,1
2022-01-24 20:07:00,-0.6631587772210372,85.88548750356536,0
2022-01-24 20:08:00,0.4109313442989143,88.17052593146684,1
2022-01-24 20:09:00,-0.22441840455747225,91.61047301815839,1
2022-01-24 20:10:00,-0.3426234309997586,90.71402860716363,1
2022-01-24 20:11:00,-1.3173267175490349,89.53257799154578,1
2022-01-24 20:12:00,-0.8272618888178338,89.77062839096637,1
2022-01-24 20:13:00,-0.31043558747403616,89.97273959708387,1
2022-01-24 20:14:00,-0.5679640271573524,88.9629404618248,1
2022-01-24 20:15:00,-1.613712056463573,86.94697903024182,0
2022-01-24 20:16:00,-0.9155083541508467,91.60657008847998,1
2022-01-24 20:17:00,-0.7819862768801442,91.05973689586527,1
2022-01-24 20:18:00,0.06770614093581906,89.77443029543483,1
2022-01-24 20:19:00,-1.2276538737781637,91.21886938834267,1
2022-01-24 20:20:00,-0.8080518710805888,93.79684481306694,1
2022-01-24 20:21:00,-0.5728822978551615,87.10929970125603,0
2022-01-24 20:22:00,-0.268763203610092,91.87085021216146,1
2022-01-24 20:23:00,-0.3739076104820146,86.9410758680887,0
2022-01-24 20:24:00,-0.291373202069432,91.6209037774912,1
2022-01-24 20:25:00,-0.2327029905221113,89.41132886453187,1
2022-01-24 20:26:00,-0.8491029850469384,89.96094969279089,1
2022-01-24 20:27:00,-0.9888081791759809,91.81137183831378,1
2022-01-24 20:28:00,-1.2258802380529596,93.47773226685584,1
2022-01-24 20:29:00,-0.5319752616941658,88.28695848562381,1
2022-01-24 20:30:00,-1.2392085927262568,89.67578423229824,1
2022-01-24 20:31:00,-0.5485025185866907,90.09887531908798,1
2022-01-24 20:32:00,-0.22693112653674724,87.81984047686218,0
2022-01-24 20:33:00,-0.5192547011983015,89.80117166679814,1
2022-01-24 20:34:00,-0.6062624311493897,90.05620600448484,1
2022-01-24 20:35:00,-0.780126173046991,88.35068977621698,1
2022-01-24 20:36:00,0.6941438189905438,89.69442658474101,0
2022-01-24 20:37:00,-0.1446298043476712,88.65440683358916,1
2022-01-24 20:38:00,-0.305262030927366,90.42875924171939,1
2022-01-24 20:39:00,-0.4417670690352383,89.16530058580705,1
2022-01-24 20:40:00,-0.49752592607046203,91.01986720820958,1
2022-01-24 20:41:00,-0.2181370980183851,89.57240475499133,1
2022-01-24 20:42:00,-0.33729196080918983,87.7685726754942,0
2022-01-24 20:43:00,-0.11264295689690784,92.54761892497967,1
2022-01-24 20:44:00,-0.39339125875308734,89.27754078522747,1
2022-01-24 20:45:00,-1.0577042595631818,90.50004358755888,1
2022-01-24 20:46:00,0.13149060444029026,92.64134303352789,1
2022-01-24 20:47:00,-0.5864040104708493,89.0224191251344,1
2022-01-24 20:48:00,-1.5493756259153988,92.587404620269,1
2022-01-24 20:49:00,-0.010700365279708524,89.89432605561997,1
2022-01-24 20:50:00,0.5721832713313391,89.89180273782337,0
2022-01-24 20:51:00,0.2123208065147295,90.80372145741086,1
2022-01-24 20:52:00,-0.6687314095783624,87.78406963744767,0
2022-01-24 20:53:00,-0.49611686527862764,91.80382018589941,1
2022-01-24 20:54:00,-0.3896178253350673,90.2744630534646,1
2022-01-24 20:55:00,-0.0183722328373096,92.92816647446683,1
2022-01-24 20:56:00,-0.8250093553408989,87.39107312029965,0
2022-01-24 20:57:00,-1.473143681049002,89.85216826097029,1
2022-01-24 20:58:00,-0.5748993640149891,90.6459897520326,1
2022-01-24 20:59:00,-0.7190508531430536,90.08818456487025,1
2022-01-24 21:00:00,-0.06505453526996219,89.26790616691713,1
2022-01-24 21:01:00,-1.6529725097261616,92.40452398295336,1
2022-01-24 21:02:00,-0.609448414402044,92.2071033753266,1
2022-01-24 21:03:00,-0.4497110458210817,88.53757743133698,1
2022-01-24 21:04:00,-1.535721161848255,87.66151646878069,0
2022-01-24 21:05:00,-0.2542243003531109,92.96392254650912,1
2022-01-24 21:06:00,-0.8372525714871955,89.37410351539252,1
2022-01-24 21:07:00,-0.7890427621357652,88.41463057309946,1
2022-01-24 21:08:00,-0.5744682399451613,89.51349910052706,1
2022-01-24 21:09:00,-0.6722309067010594,93.9455015849572,1
2022-01-24 21:10:00,-0.18017814448587632,89.86975623055928,1
2022-01-24 21:11:00,-0.6749968748277825,88.73571844106856,1
2022-01-24 21:12:00,-0.5705074387040058,91.76095305232147,1
2022-01-24 21:13:00,-1.5261855239769435,92.97120607358318,1
2022-01-24 21:14:00,-0.8709259781399706,92.84592615725738,1
2022-01-24 21:15:00,-0.5920967637744079,93.76320126313371,1
2022-01-24 21:16:00,-0.30595030164198345,90.11497969947384,1
2022-01-24 21:17:00,-0.17079133560861826,91.51500430651441,1
2022-01-24 21:18:00,-0.5659847628069591,91.75616851250938,1
2022-01-24 21:19:00,-0.20074182092545534,94.66469711636978,1
2022-01-24 21:20:00,-1.0434599842124876,90.1405888978415,1
2022-01-24 21:21:00,-0.11537392623722731,94.42697834158032,1
2022-01-24 21:22:00,-0.40258119156272865,91.82214258093273,1
2022-01-24 21:23:00,-0.1242652868530768,90.18659879437212,1
2022-01-24 21:24:00,-0.5203682080003417,93.12004096807816,1
2022-01-24 21:25:00,-0.8742250495075035,88.69419500349251,1
2022-01-24 21:26:00,-0.4444393421089079,93.37548948586155,1
2022-01-24 21:27:00,-1.268706612118768,86.88628117207973,0
2022-01-24 21:28:00,-0.826279664495124,89.33853006637436,1
2022-01-24 21:29:00,0.18306058274511516,91.24087892400576,1
2022-01-24 21:30:00,-1.5562451117953207,93.3992408503403,1
2022-01-24 21:31:00,-1.4654375915182434,91.6315326827133,1
2022-01-24 21:32:00,0.006036618807093275,92.23024692211906,1
2022-01-24 21:33:00,-1.2843871707238388,94.29726355586453,1
2022-01-24 21:34:00,-1.2858614174708198,87.9678689818244,0
2022-01-24 21:35:00,-0.09086116283402079,92.27072993165571,1
2022-01-24 21:36:00,-1.4025045241120027,87.49837320344263,0
2022-01-24 21:37:00,-1.0074017516150622,92.54961915824397,1
2022-01-24 21:38:00,-0.34134915466185894,90.21684230620767,1
2022-01-24 21:39:00,-1.238821971917746,89.8123950101008,1
2022-01-24 21:40:00,-1.1242308885208592,90.49321122415988,1
2022-01-24 21:41:00,-0.346196711650922,89.13846527370674,1
2022-01-24 21:42:00,-1.0629944557311592,90.98694602707229,1
2022-01-24 21:43:00,-0.5392221747042163,92.53224366821978,1
2022-01-24 21:44:00,-0.05465077980406974,89.795465171481,1
2022-01-24 21:45:00,-0.20879715373890517,91.07005945590676,1
2022-01-24 21:46:00,-1.5408486439047704,88.57326766952808,1
2022-01-24 21:47:00,-0.2911028257949938,92.05422702431258,1
2022-01-24 21:48:00,-0.3706768663659293,92.19028469164938,1
2022-01-24 21:49:00,-1.4177589478547932,93.19283599434132,1
2022-01-24 21:50:00,-0.5063005364795928,93.35039977495398,1
2022-01-24 21:51:00,-0.18066037109611488,88.7749069591655,1
2022-01-24 21:52:00,-0.9375774362029117,94.71243659638453,1
2022-01-24 21:53:00,-1.4818052360783858,93.41061347070934,1
2022-01-24 21:54:00,-0.7360569580934138,91.67235809227512,1
2022-01-24 21:55:00,-0.15717802047128748,90.70811486167214,1
2022-01-24 21:56:00,0.0837280448206501,93.47241083740565,1
2022-01-24 21:57:00,-0.5720269296269647,91.19090632085928,1
2022-01-24 21:58:00,-0.48379463010784785,92.84908222284903,1
2022-01-24 21:59:00,-1.4160108693043174,90.65098717474866,1
2022-01-24 22:00:00,-0.23199793348699171,88.417611117869,1
2022-01-24 22:01:00,-0.25386845917828577,89.2880695694072,1
2022-01-24 22:02:00,-1.0403631569730636,95.08351871530385,1
2022-01-24 22:03:00,-1.5417855520076644,90.84697256916567,1
2022-01-24 22:04:00,-1.597193503596078,93.97902071403578,1
2022-01-24 22:05:00,-0.842086476442472,95.01137355311374,1
2022-01-24 22:06:00,-1.0708521126368096,90.53728200024969,1
2022-01-24 22:07:00,-0.6550632365805968,90.58778624293441,1
2022-01-24 22:08:00,-0.5570586062516717,93.55446732322183,1
2022-01-24 22:09:00,-0.870752196405486,90.45358658753725,1
2022-01-24 22:10:00,-1.0391064592465928,92.88655450931977,1
2022-01-24 22:11:00,-0.310294169416845,92.76381872983313,1
2022-01-24 22:12:00,-1.5102565795558047,94.9561248376802,1
2022-01-24 22:13:00,-1.2033235833107396,92.75939326203493,1
2022-01-24 22:14:00,-0.4363052226822509,91.04943664381607,1
2022-01-24 22:15:00,-0.735094678580122,95.20849289324288,1
2022-01-24 22:16:00,-0.08938720922787213,90.02327527068353,1
2022-01-24 22:17:00,-0.8780294165264113,93.61162596572187,1
2022-01-24 22:18:00,-0.4888573992154721,94.21698791256016,1
2022-01-24 22:19:00,0.3018352099281665,93.8514229887315,1
2022-01-24 22:20:00,-0.9730537203187225,91.7900571590245,1
2022-01-24 22:21:00,-0.986260598597701,92.64582921649408,1
2022-01-24 22:22:00,-0.21431257200775078,88.787862529064,1
2022-01-24 22:23:00,-0.33132194637969187,94.21387576771463,1
2022-01-24 22:24:00,-0.14969067663877833,92.99130629587502,1
2022-01-24 22:25:00,-0.8365367158228638,93.11433909849242,1
2022-01-24 22:26:00,-0.8629391446826541,97.0895621154525,1
2022-01-24 22:27:00,-1.0044630204902767,93.66621207099894,1
2022-01-24 22:28:00,-1.3659059974792362,87.71345071094647,0
2022-01-24 22:29:00,-0.5650042139798592,91.58733769884866,1
2022-01-24 22:30:00,0.31740000069851315,90.77268506519121,1
2022-01-24 22:31:00,-0.1782873663068607,93.8532713225513,1
2022-01-24 22:32:00,-1.84703783533779,91.62734168979163,1
2022-01-24 22:33:00,-0.9557536840637809,93.5920031728029,1
2022-01-24 22:34:00,-0.17562372773481438,91.712361212276,1
2022-01-24 22:35:00,-0.322114404354538,91.26487091132951,1
2022-01-24 22:36:00,-0.9652901702297721,96.32260905338222,1
2022-01-24 22:37:00,-1.638574100990684,92.93636068423815,1
2022-01-24 22:38:00,-0.5233989305916688,91.17586573138134,1
2022-01-24 22:39:00,-0.8280378816294366,91.87837514039157,1
2022-01-24 22:40:00,-0.444379169067085,91.72232507791443,1
2022-01-24 22:41:00,-1.3149620909245683,92.15325488215899,1
2022-01-24 22:42:00,-1.9760895888003627,93.3062373481224,1
2022-01-24 22:43:00,0.28324340742037935,88.9613534798941,1
2022-01-24 22:44:00,-1.513811452112745,93.1738719582969,1
2022-01-24 22:45:00,-1.1690592754033986,92.30908236380671,1
2022-01-24 22:46:00,-0.9134620231070003,91.24524087015506,1
2022-01-24 22:47:00,-0.8333974806404806,94.78413262555294,1
2022-01-24 22:48:00,-1.2080254897173366,96.62298793628116,1
2022-01-24 22:49:00,-1.1952773720956544,95.46606721777057,1
2022-01-24 22:50:00,-0.7526589696012251,92.36876878785635,1
2022-01-24 22:51:00,-0.9304136203459125,93.08036535197697,1
2022-01-24 22:52:00,-1.176423972859824,92.73363596172963,1
2022-01-24 22:53:00,-0.9438190010461402,91.59863413885842,1
2022-01-24 22:54:00,-1.5157377822822937,94.431009242649,1
2022-01-24 22:55:00,-0.7173064181586568,92.23469152802534,1
2022-01-24 22:56:00,-1.2547970931546182,94.48608712966946,1
2022-01-24 22:57:00,-1.2892414337381184,96.22842900298416,1
2022-01-24 22:58:00,-1.7192358243140857,91.6544891004634,1
2022-01-24 22:59:00,-0.8233892134997738,93.78406389242733,1
2022-01-24 23:00:00,-0.62236520623646,93.36847015111736,1
2022-01-24 23:01:00,-1.5859275159510196,93.26100234600881,1
2022-01-24 23:02:00,-0.4008098124437298,94.14156050376468,1
2022-01-24 23:03:00,-1.5182465802649125,97.80898274905823,1
2022-01-24 23:04:00,-1.2865317547600739,91.22221897144951,1
2022-01-24 23:05:00,-0.6748821987590109,92.66614338034971,1
2022-01-24 23:06:00,-1.3900649016009876,93.62221115984846,1
2022-01-24 23:07:00,-1.2456430089147585,92.61599407064384,1
2022-01-24 23:08:00,-1.0974991108240018,97.03458969752968,1
2022-01-24 23:09:00,-1.2515980653548766,95.13988053096358,1
2022-01-24 23:10:00,-0.4990579081086562,90.0511172893656,1
2022-01-24 23:11:00,-0.40318609121526994,94.2327279067492,1
2022-01-24 23:12:00,-0.5068566633205633,97.43963742114276,1
2022-01-24 23:13:00,-0.5928822280066604,96.37008795298411,1
2022-01-24 23:14:00,-0.8976929278064644,93.83055549158469,1
2022-01-24 23:15:00,-0.6615519208163122,96.28918214865185,1
2022-01-24 23:16:00,-1.2676062862904123,96.63033717041938,1
2022-01-24 23:17:00,-0.9637847808369364,91.83365475609573,1
2022-01-24 23:18:00,-0.47425752172961033,92.52556599713577,1
2022-01-24 23:19:00,-0.8169521556290951,93.6830720802723,1
2022-01-24 23:20:00,-1.1099504066801753,89.70522714778917,1
2022-01-24 23:21:00,-1.5881554848151553,92.08730287072076,1
2022-01-24 23:22:00,-1.4214850384598654,93.22768304229962,1
2022-01-24 23:23:00,0.060842958977503026,94.33532711024651,1
2022-01-24 23:24:00,-1.4001346892617703,92.9411073306222,1
2022-01-24 23:25:00,-1.4723423876369712,91.11272918909746,1
2022-01-24 23:26:00,-1.2491989882346746,92.76521634556244,1
2022-01-24 23:27:00,-0.950027879684464,95.56266344467457,1
2022-01-24 23:28:00,-1.2486018054042949,95.45198071654359,1
2022-01-24 23:29:00,-0.1089311842901296,93.37793704854646,1
2022-01-24 23:30:00,-0.7791304545436352,94.34725971846227,1
2022-01-24 23:31:00,-1.2346996636024627,93.82791933932783,1
2022-01-24 23:32:00,-0.7779299876597361,93.28412848052825,1
2022-01-24 23:33:00,-0.6253398636394928,93.3192620369567,1
2022-01-24 23:34:00,-1.1445598419348608,94.35622264472278,1
2022-01-24 23:35:00,-1.7687933667370719,93.90758650880316,1
2022-01-24 23:36:00,-1.3294201911287944,95.91666037887896,1
2022-01-24 23:37:00,-1.3283790904254928,92.03007312787652,1
2022-01-24 23:38:00,-1.574378905608985,94.05295139779638,1
2022-01-24 23:39:00,-1.1799481344196494,93.36595868996076,1
2022-01-24 23:40:00,-1.4056560344535307,90.34528575512138,1
2022-01-24 23:41:00,-0.6930272716832477,91.16367130794853,1
2022-01-24 23:42:00,-1.706882197549862,91.2315116976714,1
2022-01-24 23:43:00,-1.1357053300343152,96.26181295825876,1
2022-01-24 23:44:00,-0.9593106748077541,94.72166029310351,1
2022-01-24 23:45:00,-1.5554398941365442,92.32065684931761,1
2022-01-24 23:46:00,-1.7225844830065962,93.33820844519485,1
2022-01-24 23:47:00,-0.6631874230808084,95.63769131642644,1
2022-01-24 23:48:00,-1.2058392269264324,95.23993124997948,1
2022-01-24 23:49:00,-1.2712765367701993,92.52777865289279,1
2022-01-24 23:50:00,-1.3385485286646486,96.23955074802547,1
2022-01-24 23:51:00,-0.5993747648945649,97.90413730531748,1
2022-01-24 23:52:00,-1.6928219824421649,94.18556615724829,1
2022-01-24 23:53:00,-0.9127308121712578,93.88983552934378,1
2022-01-24 23:54:00,-0.5494080565680161,94.4029632933619,1
2022-01-24 23:55:00,-0.9229047202502966,95.44600865491748,1
2022-01-24 23:56:00,-1.001039442389242,94.05138252323565,1
2022-01-24 23:57:00,0.08415484035557608,98.29773788752364,1
2022-01-24 23:58:00,-1.6246257964574788,95.38782164612994,1
2022-01-24 23:59:00,-1.1139736639085398,94.28641308192242,1
